id,account_id,created_at,closed_at,is_closed,is_won,country,state,city
c17777d6-c075-4d89-93a6-ee8b57d140da,5384dc48-8a0e-4d84-88e2-cdaafc51c17f,2021-07-18T08:00:05Z,,FALSE,FALSE,US,Massachusetts,Andrewsborough
95c96749-3de4-46d4-8773-4f9741efd59d,b4bbc1dd-c90a-4952-baa6-4231b5063c26,2021-06-17T03:51:16Z,,FALSE,FALSE,US,South Carolina,Aguirretown
8a1e595e-0253-47cd-a2f6-1c5ac1fa46c1,e9b3f6bd-5823-4164-b5ae-c10103a9dc28,2021-05-02T01:33:29Z,,FALSE,FALSE,US,Michigan,Harrisville
a3f531e5-0230-45ff-85b7-1de6445593f1,25a91186-2cf7-4c2c-a107-172f256c5532,2021-07-01T10:22:05Z,,FALSE,FALSE,US,Colorado,Sarahstad
a6635800-a2f3-4da4-b52e-c900c6a6dad7,13acf1f7-cce0-4dc2-8149-99d5831427a8,2021-09-13T14:35:30Z,,FALSE,FALSE,US,Colorado,Robinsonbury
98eb888d-d92f-4ba1-9699-e21102c60a8a,b19e074b-91c0-4676-9929-c81d1d04c181,2021-11-12T02:35:47Z,,FALSE,FALSE,US,Minnesota,Lake Daniel
6f286720-eb06-435c-88f8-6a2a5757cac2,7df5e91b-1c86-4672-8925-e197c9f98594,2022-02-20T16:04:27Z,,FALSE,FALSE,US,Arizona,Arthurstad
97f79296-a8b2-4959-9372-feb331d4a8b3,558f78f6-8273-48b2-932c-36ef5743eefd,2021-09-09T08:12:53Z,,FALSE,FALSE,US,Alabama,Lorishire
b8ffecc4-923c-4293-bce9-77895e13200b,0611e2e7-1789-4c45-9a51-6e8210d82ea3,2021-05-02T18:48:06Z,,FALSE,FALSE,US,Hawaii,East Ryanfort
8880ff84-8327-4e5f-baeb-6d9e2a50b9c5,cc58120f-3218-40cf-bc0d-d19ae32b1ddb,2021-12-09T11:36:56Z,,FALSE,FALSE,US,Wyoming,West Henry
ee6777f9-48e5-4b72-bf5d-649bb542a4ba,3c4814c9-bf8a-40de-99a3-9e1e5ef7276d,2021-12-09T20:27:10Z,,FALSE,FALSE,US,Louisiana,Kaitlynshire
6e02c7a9-7e54-4070-80ca-a74345d063c6,a3d89b95-becb-48e8-86c5-b848c5a42a91,2021-10-06T02:55:28Z,,FALSE,FALSE,US,Nevada,Lawrenceview
b4b7a23c-2c98-4cee-a317-692762f07775,967761ba-7ad4-4809-8002-ed3398de2126,2021-08-24T11:23:44Z,,FALSE,FALSE,US,Hawaii,North Amyland
ee07d0c8-c937-446c-9735-0167f900e3ba,e2becce8-5c5a-47b8-bff1-6d4458347c60,2022-04-24T22:41:06Z,,FALSE,FALSE,US,Nevada,Lake Joycestad
a84ac085-fca4-4a9c-a8cd-7e3d7e250497,dd29940b-3b78-47b2-af8b-e4e8287d2848,2022-01-25T20:40:33Z,,FALSE,FALSE,US,Rhode Island,Frenchview
a60b4a6f-4850-45e9-a5ba-d8aa3613f1ae,d88dcb12-304a-4a15-96ea-6b81954f1dfe,2021-08-31T06:48:58Z,,FALSE,FALSE,US,Maryland,Glennborough
7b4024d0-45cb-4653-9eff-5905c176867c,47899c8f-aa1b-40ae-a72f-14ff9a4527e3,2022-01-24T20:35:29Z,,FALSE,FALSE,US,South Dakota,North Loriport
f18ba5fa-9c70-4948-8502-a5e08daf0574,1f2a3634-bdcb-46f5-ba62-83ed3eeee32e,2021-08-24T09:42:32Z,,FALSE,FALSE,US,Indiana,Floydton
eaf5cd19-1a39-418e-a5d1-8079d2585d39,9758b513-7876-40f3-8aef-7e60a74277f0,2021-08-22T09:38:14Z,,FALSE,FALSE,US,Hawaii,New Lorishire
612d3267-5f89-4ca4-b00e-c69b0db07cd9,66d8f614-9bbf-4dfc-855f-3cb23aa270cf,2021-11-29T20:09:29Z,,FALSE,FALSE,US,Arizona,Audreyland
ff9be31d-7234-449d-8e88-4df3eabf9d5b,33374c99-1df0-42e5-a795-8ae927e40d6f,2021-12-13T07:57:05Z,,FALSE,FALSE,US,Maryland,Meganview
c1f89d74-c3a1-40a3-b0d8-8cb7de9dc0d0,a09c1f08-5dfa-4aad-a7d2-77b7330bceb1,2022-01-19T09:03:11Z,,FALSE,FALSE,US,New Mexico,Port Sarahfurt
7bbcc12d-e907-423d-8908-b71fb22e9948,bc65a456-6f1b-4a17-9b61-dbf58cbe548f,2022-01-01T05:52:24Z,,FALSE,FALSE,US,Oklahoma,East Julian
6fa8904c-2841-416f-8073-2118ebc32d02,334dc4dd-99aa-49ea-acff-95ff7e32113b,2021-08-19T10:20:42Z,,FALSE,FALSE,US,New Mexico,Mannfurt
f2adb302-d1b6-4b1e-beee-7cde22375819,fcd7aaf4-c6c5-43d2-887b-25642c8505f4,2022-01-03T02:29:39Z,,FALSE,FALSE,US,Montana,Jacobfort
7ae92b47-f847-4be0-a20a-ea3433f5a588,68c976ec-7128-4cff-ab06-126710b7f30e,2021-05-26T21:20:30Z,,FALSE,FALSE,US,Connecticut,West Susan
a5380cd7-b204-4cf6-b94c-2346d8b72a14,a7798ee5-00ce-4a78-ac61-c7fc9e8d8f51,2021-07-13T02:36:58Z,,FALSE,FALSE,US,New Hampshire,Lisashire
8647ded7-ce6c-4bb3-9ec6-c000409da131,feffa969-4aa8-4b19-96c7-0fed622a7433,2022-01-30T12:01:03Z,,FALSE,FALSE,US,Colorado,Adamsfort
e31e58ef-60a2-445f-a552-51634283ceb2,8bd39c54-5bf7-4c6c-9d2e-91ed7fc96c34,2022-03-21T14:44:48Z,,FALSE,FALSE,US,Nebraska,Lake Lauren
bc40ad26-7ad2-41b9-bf0e-75cfa942eef1,70c31993-35f1-4b2a-bffa-6ca4e31d4372,2021-08-17T20:19:55Z,,FALSE,FALSE,US,Mississippi,West Lori
94f68aeb-16b4-41a8-a0a6-8435a78ac186,a3704a0e-0937-4e88-882f-0c1450915fcb,2021-07-29T13:50:49Z,,FALSE,FALSE,US,North Carolina,Timothyville
d0edb4b5-3c36-49d7-9446-498b0007d922,3dca0a8e-4446-447c-9858-c3381aded6e0,2021-12-18T20:42:13Z,,FALSE,FALSE,US,Alabama,West Jason
c96dea4e-d748-4583-9b51-0b17c8c5c057,6e9cf8e7-1925-49ad-b24e-06722f049c2c,2022-01-11T05:08:15Z,,FALSE,FALSE,US,Maryland,Smithchester
6cbe3937-2ab8-4aa0-916a-682de2d163fb,c4d562b5-fa71-4bb4-8895-5e21490716fe,2021-05-08T16:51:46Z,,FALSE,FALSE,US,Missouri,Jonesmouth
5aac876a-8d98-4eca-88fc-1f78758946ad,f838b3ae-cdce-48cc-91b0-854c2aa39706,2022-01-29T03:23:16Z,,FALSE,FALSE,US,Iowa,Edwardsland
e104b9b4-e714-4cc8-aaeb-4ec0601729b5,1358bc0d-aa05-4367-8cfa-0b7503e8400e,2021-10-21T19:40:03Z,,FALSE,FALSE,US,Washington,South Bradley
913baa0d-4747-40d6-90b3-eb9136ef0fc0,ed6f2f9c-7d1f-4a60-8043-87db8775a87d,2022-01-09T13:11:08Z,,FALSE,FALSE,US,Ohio,West James
9b0a9a43-039d-439a-bfe1-2af7839f671c,71907979-2743-4f3a-a1b6-3724f69dfab5,2022-04-16T11:37:09Z,,FALSE,FALSE,US,Iowa,Kathyton
ed308312-dd1f-4b56-90b6-8d39aa6d0397,793a4c80-9eff-4812-8ef0-80f5ba74ea16,2021-08-29T14:03:21Z,,FALSE,FALSE,US,Maryland,Johnsonton
a8b0ddfb-11bd-49d0-9ad4-2468709111b6,1c225add-1bed-4424-a124-0059ad1280b1,2021-11-02T07:45:31Z,,FALSE,FALSE,US,New Jersey,Elizabethstad
64d60dff-9dad-43ef-8618-2060c48bfe99,64a1d3de-37a0-4808-a0f1-13d75e5d57e4,2021-05-26T15:05:07Z,,FALSE,FALSE,US,Rhode Island,Lake Thomas
c0800a44-f318-4d1f-a63f-11839721884a,338a4530-1e4e-421f-b72a-4e01b875ad0b,2022-04-04T05:42:07Z,,FALSE,FALSE,US,Arkansas,North Amy
95bf7c2e-9b38-4833-bfb9-f2d2efa04f64,c0a2d903-a719-44e1-98e8-4f6d78520a60,2022-04-19T09:14:38Z,,FALSE,FALSE,US,Virginia,Port Tammychester
7798776d-eee7-4e3f-bdff-c8964e2a11dd,6e2c566b-b567-42d6-af48-eaa3449fda50,2021-06-18T11:04:06Z,,FALSE,FALSE,US,Delaware,Tammytown
7fd26096-2150-409c-b8b5-446beddd55a0,a5cf87d0-8eff-4056-9a5c-811be5e698a8,2021-05-22T01:16:31Z,,FALSE,FALSE,US,Tennessee,Markchester
f87dd583-cc5d-4617-9723-2a93ca9aaade,9f52ec89-fb8d-4324-8b74-06f9b44be2a2,2021-08-17T21:45:05Z,,FALSE,FALSE,US,Connecticut,North Ashleyview
b3477c4c-e5d4-4ef7-a752-90d1380f977e,40f95f02-89fc-4110-b34a-57d44312d332,2021-09-13T02:40:13Z,,FALSE,FALSE,US,Arizona,South Jacob
a063aa79-f94f-4abe-9f1b-aaa8e915b340,47f3332f-5f4d-4f2e-b7cd-fe43b184d99f,2021-08-02T12:06:42Z,,FALSE,FALSE,US,Alabama,Port Donnamouth
bdef1bdc-508b-4697-b32e-2ab3ed31d43b,8c6084a6-2768-4cef-94f4-6988bc510dc2,2021-05-06T23:31:36Z,,FALSE,FALSE,US,Texas,West Christian
94487ce3-79e1-47d7-af66-5fe89b2115b7,c5c33ded-c6a6-422e-b094-779fc6a76dcd,2021-05-15T02:08:54Z,,FALSE,FALSE,US,Hawaii,West Jessica
a3870eda-407a-485d-8b37-1c7d5d1df739,b575bb5b-fd17-4dc5-b9d8-3fbe61f30907,2021-10-02T18:13:01Z,,FALSE,FALSE,US,Delaware,Huffmanberg
9b23bbda-7f41-4edc-9cbe-509fcd38f9fd,9ba6ef98-28cb-4fed-a9b2-6816a9c6810f,2021-08-22T20:59:21Z,,FALSE,FALSE,US,Georgia,West Tammy
8d6e1b41-9f24-4671-a6d2-cac29bf40ff2,3bedfbff-aa78-4de7-b44b-25a000a1e3a6,2021-06-06T01:23:43Z,2021-06-30T00:00:00Z,TRUE,TRUE,US,New Jersey,West Terry
854303ee-1162-4584-8ae0-a707e24b7699,d496b628-c03c-4405-8844-8fcfa0576c7f,2021-09-21T03:20:08Z,2021-09-23T00:00:00Z,TRUE,TRUE,US,Idaho,Millsside
206628e2-77e5-484f-9afb-5db26a6f0681,9ab582ec-f45a-46f4-b133-96291ab2e8e1,2021-08-14T12:17:40Z,2021-09-14T00:00:00Z,TRUE,TRUE,US,Oregon,Lake Jose
b186c323-396e-48d9-bd3d-0076dcdfd04f,7570af0a-da86-4c36-b6c9-c63b155c12fe,2022-01-02T17:50:05Z,2022-01-10T00:00:00Z,TRUE,TRUE,US,Utah,North Maria
d466b741-18b4-4340-b23e-f89b53079c64,a5eaf92d-8fd8-4919-af70-861d55772da0,2021-09-29T07:09:55Z,2021-10-03T00:00:00Z,TRUE,TRUE,US,Utah,East Vanessa
3c361b3b-bb52-4170-84ee-cc33d9efc1cf,6c101d00-7992-40bf-8630-8861698e535c,2021-08-15T19:55:17Z,2021-09-15T00:00:00Z,TRUE,TRUE,US,Montana,Lake Elizabeth
0ce00f61-1a6a-4e3d-bf02-12b13d1e390d,e8e750f1-cea1-4602-93a3-9cc56abb2a01,2021-06-13T16:15:05Z,2021-06-19T00:00:00Z,TRUE,TRUE,US,North Carolina,Langfort
605999e9-4c07-43c9-a5e9-cccec1d551c5,241efe57-c6cf-4468-a6c0-b5e5d2af8a02,2022-01-16T06:42:41Z,2022-02-14T00:00:00Z,TRUE,TRUE,US,Oregon,Potterborough
951048ef-cf75-4b0c-99d5-0abb8ec4087c,938fff73-3e10-4ae1-95cf-47ce01f5ad16,2021-12-15T02:53:47Z,2022-01-05T00:00:00Z,TRUE,TRUE,US,Ohio,West Corey
ce9d9ada-ac76-4430-a7cc-118238753570,10c14682-461c-415c-b179-e769c022367f,2021-06-10T04:37:02Z,2021-06-11T00:00:00Z,TRUE,TRUE,US,Wisconsin,Matthewborough
2380882e-43f1-496b-8b2d-71cba7594b4f,dfe51083-ab5d-45ef-af0c-1c6c10aa8436,2022-01-27T17:26:42Z,2022-02-27T00:00:00Z,TRUE,TRUE,US,Idaho,New Georgetown
e21d781f-9e21-4ac3-851f-99a9e50591a7,fef342bd-811c-43c7-8fd3-dba184f0ce26,2021-12-27T14:37:01Z,2022-01-13T00:00:00Z,TRUE,TRUE,US,Massachusetts,Smithberg
81fe414a-2b34-4694-b373-bff9809520ab,8a42e737-6f9f-4c72-aefd-f35de2c2bb6c,2021-06-19T02:10:02Z,2021-07-22T00:00:00Z,TRUE,TRUE,US,Idaho,East Jessicaberg
02ecf0b1-d7d4-4a98-83a9-ef35e38b1da0,99b2f1b3-499a-4923-a926-50a67adfa96f,2021-05-06T03:47:37Z,2021-06-09T00:00:00Z,TRUE,TRUE,US,Oregon,Staceyberg
10df97c0-e40e-4eda-84b4-2b86732d318a,686a258c-719b-41f7-bb43-22fbf071433a,2021-11-10T08:15:29Z,2021-11-13T00:00:00Z,TRUE,TRUE,US,Tennessee,Thomasstad
39d7b291-4c4a-4342-b9b4-d005664c702d,8ad776fe-abf1-4ad2-8d02-5add336bb84b,2021-06-04T02:14:35Z,2021-06-10T00:00:00Z,TRUE,TRUE,US,Oklahoma,Patriciaview
515ac456-6919-4b6b-9b99-37df19fce35b,6251a45c-81c2-47f1-8295-6aee0689988f,2021-05-05T02:27:56Z,2021-05-27T00:00:00Z,TRUE,TRUE,US,West Virginia,West Russell
b2746c95-7ce7-4a3e-99ce-af0c36eaeeb6,ba87b17c-0c32-42b1-8821-a7c6a06af616,2021-12-11T08:44:07Z,2022-01-02T00:00:00Z,TRUE,TRUE,US,South Dakota,Lake Rachael
010cd726-b5aa-4a18-a21d-578cb301b1aa,a041be7a-8a2c-4eb9-9ae2-e1a507cb7789,2022-02-09T10:57:54Z,2022-03-15T00:00:00Z,TRUE,TRUE,US,Kentucky,Newmanburgh
5786d930-5f69-4089-97e5-dc9a3e21e22d,574b0196-afa2-45f8-9a7b-ae7fb3a5a9eb,2022-04-07T22:43:39Z,2022-05-06T00:00:00Z,TRUE,TRUE,US,Wisconsin,Rodrigueztown
b60b55e2-ab9b-4f74-bf79-e13de4215fd3,dc99c586-a130-4124-90ea-6925305064b0,2022-01-14T10:21:38Z,2022-02-05T00:00:00Z,TRUE,TRUE,US,Massachusetts,New Aprilville
bdced482-c111-46d5-8bd1-c3c5a19015c0,65ac8a56-e191-4fb1-a506-9dcc13dd8da1,2021-07-12T18:29:35Z,2021-08-03T00:00:00Z,TRUE,TRUE,US,Massachusetts,Lake Robert
215b4b6a-12a5-4afc-bedf-0349aaf4e70e,f8f22d9e-22b4-4b75-bc2a-f36a4335a01c,2021-07-01T05:57:21Z,2021-07-12T00:00:00Z,TRUE,TRUE,US,Colorado,Jonathanborough
df935613-ea33-4c8c-b36d-d433a346f8ec,3734feb9-e274-4456-89ff-f30c1a555f51,2021-07-17T01:45:56Z,2021-08-19T00:00:00Z,TRUE,TRUE,US,Texas,South Alyssaville
cd5f0c78-c79b-4a25-834c-610d92a9393f,3ecef2c7-0059-40a5-9e4f-bfa1f4f6619c,2022-01-10T13:46:58Z,2022-01-27T00:00:00Z,TRUE,TRUE,US,Georgia,Hughesshire
17ee1338-afb5-4a70-ad29-b7505a774d92,77e6a9da-171e-4746-bba5-e68eb921028f,2021-05-21T11:11:11Z,2021-06-04T00:00:00Z,TRUE,TRUE,US,Utah,Williamsbury
ae04a323-757d-4b80-b4f8-8fa3b46c8ade,0906667b-6721-4a15-a45a-e8627f4c1554,2021-09-30T00:14:03Z,2021-10-21T00:00:00Z,TRUE,TRUE,US,Indiana,Mendezside
d714206d-3235-4041-b0e8-dfb0d6bec67e,eea224a9-d8bf-468d-b594-707d123cec96,2021-06-18T08:42:28Z,2021-07-12T00:00:00Z,TRUE,TRUE,US,Oregon,West Jenniferhaven
53c6aa25-fdc8-4e6c-9af2-1696e2604a29,61ab6218-7b64-49fe-b0de-0b9bd49b0b1a,2021-07-17T12:19:14Z,2021-07-29T00:00:00Z,TRUE,TRUE,US,Hawaii,East Joshuaburgh
7b1c85e5-9fdd-4fda-b216-72fd93a17598,cc291355-df87-4d48-a267-cd6a8a4d4b7f,2022-01-22T23:20:35Z,2022-02-10T00:00:00Z,TRUE,TRUE,US,Washington,Lisaland
c5484c3c-b054-473d-96f6-36f253a7afd0,eaa253d0-4753-4aea-a2b7-b0740028b7cf,2021-07-07T15:51:23Z,2021-07-10T00:00:00Z,TRUE,TRUE,US,Connecticut,New Jason
2171ead1-101c-43b7-9478-5ca25f3d0d1d,1c325e51-fcf9-4075-8cb9-5e06ff59fa40,2022-03-17T00:20:17Z,2022-04-22T00:00:00Z,TRUE,TRUE,US,Oklahoma,Brownberg
66c6ada4-92e2-4468-ac79-22aa006e34cf,5d63c347-7016-443d-b2ad-d30a57571ad4,2021-08-02T01:29:31Z,2021-08-15T00:00:00Z,TRUE,TRUE,US,Maine,West Josefort
f8883f8e-4a38-4250-b653-d5cb37a4c933,25963f34-6fe8-4944-bc3c-3ba371dce7a1,2022-03-29T12:31:33Z,2022-04-27T00:00:00Z,TRUE,TRUE,US,Hawaii,Ramirezton
591961e8-e7d9-4aea-a564-91df0cd597cf,f071962a-0b0e-4277-b2af-36e1fbb908ce,2022-04-04T23:26:35Z,2022-04-11T00:00:00Z,TRUE,TRUE,US,Connecticut,North Jason
673166a1-7483-4a7e-b907-2253fbe27c0d,42859afd-7815-49c4-8dd5-18530861170c,2022-01-19T07:59:42Z,2022-01-28T00:00:00Z,TRUE,TRUE,US,Nevada,South Donnaborough
93dfd8e8-024a-460a-9cca-4218a90ba7bd,ed8656c9-5bd1-45e1-84f5-f42cc25c2497,2021-12-06T19:01:22Z,2021-12-07T00:00:00Z,TRUE,TRUE,US,Delaware,Lake Jeremy
cb8c1861-2f17-436f-aa3d-31458c91a244,722490fc-5623-4e3e-bb32-77205aacb2a0,2021-12-27T06:20:11Z,2022-01-10T00:00:00Z,TRUE,TRUE,US,Kentucky,New Catherine
bdab8b4b-4cc8-489a-84e4-14ef0245a5d9,c71febbc-13e7-48b1-820d-4e3206220940,2022-04-16T23:57:35Z,2022-04-28T00:00:00Z,TRUE,TRUE,US,Oregon,Port Melissaview
d0e32018-0522-4538-b4c8-1c1fb8beb7fd,57406dd1-5446-4deb-b54d-5187153bc3b2,2021-12-15T20:04:02Z,2022-01-04T00:00:00Z,TRUE,TRUE,US,Connecticut,Jonesborough
7a987771-6ffa-4c77-8d3b-41c8a7d6968f,2a4d04d1-7cb1-4045-8808-b570d1708d20,2021-06-26T00:35:57Z,2021-07-21T00:00:00Z,TRUE,TRUE,US,Minnesota,South Matthewton
19dc498c-aaf7-4857-80e8-8d49639bd9b2,6268cd98-71ee-4954-a847-dadb43f242d6,2021-10-09T04:38:35Z,2021-11-11T00:00:00Z,TRUE,TRUE,US,Oregon,Annatown
c9ae4ca1-f4d2-4e1c-b000-7f0c1ac75e11,9598a2d0-778b-4f3d-b97b-48dc4950e056,2022-01-13T01:49:54Z,2022-01-20T00:00:00Z,TRUE,TRUE,US,Ohio,North Brookeport
f8316d73-b799-4477-a18c-10245c5ee905,a625a901-f064-4474-8a38-549e530f59a5,2022-01-30T21:21:51Z,2022-03-01T00:00:00Z,TRUE,TRUE,US,Michigan,West Adrianshire
8ec47606-1cf1-46be-b2e6-d0d7421ad355,0e7e6791-6bc7-45c8-98e5-35cae960edcf,2021-05-21T02:22:59Z,2021-06-18T00:00:00Z,TRUE,TRUE,US,Delaware,New Anna
6735dba7-ea08-4ed9-bcb0-b5594c1da4a9,9d4a270e-8826-474b-80e8-d0c17f0ce685,2021-09-27T14:43:21Z,2021-10-19T00:00:00Z,TRUE,TRUE,US,Georgia,East Christopher
881a420e-b1d2-4041-9758-6133fe6433a5,59571ad0-2cfc-4e8d-b653-7d8185ccfa86,2021-07-12T01:43:37Z,2021-07-20T00:00:00Z,TRUE,TRUE,US,Alabama,West Emily
1a76d261-6300-4f24-88a2-10354f5270e7,79044165-d4c5-4675-8631-ccd765eacf65,2021-11-07T14:10:14Z,2021-12-12T00:00:00Z,TRUE,TRUE,US,Illinois,Michaelview
111d7e45-6ad1-4c0d-b753-836006a61267,70f4364c-2774-4d35-a7eb-ab61853dd638,2022-04-15T05:12:51Z,2022-04-18T00:00:00Z,TRUE,TRUE,US,North Dakota,Thomasburgh
a52effec-21ac-4e62-bf30-51ff48e5fe26,94fe7ca2-8489-42ac-82a6-e6f25fa96310,2021-09-28T17:39:59Z,2021-10-01T00:00:00Z,TRUE,TRUE,US,Colorado,Edwardsmouth
a32c133e-ee90-486a-a22a-5d518eee8564,2eeb96d4-6c1a-4e4d-b0ec-f337af8c0de8,2021-06-26T20:08:32Z,2021-08-01T00:00:00Z,TRUE,TRUE,US,Iowa,New Meganport
c96cac37-0e46-406f-8ebb-aae249c1f0ae,3eef86f1-f1ac-4403-babb-4ca73e377cb0,2022-02-14T17:20:09Z,2022-03-20T00:00:00Z,TRUE,TRUE,US,Florida,Lake Ericmouth
72890a6a-8899-425d-8319-2163acde1be3,11ae4441-0076-46b8-9eaa-36074f81ac0e,2021-12-26T12:22:04Z,2022-01-26T00:00:00Z,TRUE,TRUE,US,Vermont,Michellebury
9c4d01b2-642b-4b8f-96ad-aab26d4a62f5,ce3343d2-0e9c-4c3a-8eb8-b55269f88dcc,2021-09-29T09:12:43Z,2021-11-04T00:00:00Z,TRUE,TRUE,US,Connecticut,Greenberg
c536b316-6962-43d8-ab29-59aedae821a6,0d75c697-4441-438b-9a11-b7952de03b3b,2022-01-16T07:06:19Z,2022-02-07T00:00:00Z,TRUE,TRUE,US,California,Lake Gabriel
dea8f7e7-a270-402b-a179-fe3a385b0da5,9be0dc88-1819-46a3-9a65-293e603790c7,2021-05-06T03:47:15Z,2021-06-09T00:00:00Z,TRUE,TRUE,US,California,South Michaelton
47cbf48c-701e-49d6-918a-dc9500df0a00,659f69af-320f-44a5-a5e4-9bb1ac8fe9c4,2021-11-02T19:05:00Z,2021-11-22T00:00:00Z,TRUE,TRUE,US,North Dakota,Theresaburgh
a1f7f0d3-8811-4a3e-a3c6-035c7003db5f,27300db4-ec60-4d14-9f0e-904041914cb4,2021-07-11T10:58:08Z,2021-08-04T00:00:00Z,TRUE,TRUE,US,Alaska,Lake Michelleberg
b5ba0607-d5e5-4a27-86b5-581112cb043e,a19ff6fc-96b5-4b7e-a13c-5e3db29b2ef3,2021-10-29T16:04:12Z,2021-10-31T00:00:00Z,TRUE,TRUE,US,New Jersey,Port Mary
bac1d19b-ad75-438f-a75d-4ea6a9c8eace,3deda926-5e29-49c1-8571-9adcb0585bcb,2022-02-03T11:33:53Z,2022-03-02T00:00:00Z,TRUE,TRUE,US,Alaska,Rhondachester
0fb82407-b1ba-4db0-85b3-deadc3e36853,7aa64fd8-56de-4971-b5af-a4324630418a,2022-02-08T22:51:51Z,2022-03-17T00:00:00Z,TRUE,TRUE,US,Virginia,West Susanland
2db4cde3-a19f-4f63-bc80-75e6811ad604,75c07fc1-b9cd-4af5-a392-d3fc4245f316,2022-02-05T23:23:18Z,2022-03-11T00:00:00Z,TRUE,TRUE,US,Hawaii,Port Karenview
4faca084-fd31-450f-8a44-69f9409c7536,6086d7e5-7ba6-45ac-8da6-bdc691f6cbdf,2021-10-03T04:56:37Z,2021-10-04T00:00:00Z,TRUE,TRUE,US,Wisconsin,Emilyhaven
0276cdcb-2398-4830-a678-a5cb0499cb88,a63cb611-2414-47ce-a9b2-41135d813ff7,2021-07-28T16:51:25Z,2021-08-31T00:00:00Z,TRUE,TRUE,US,Vermont,Oconnellborough
44d0ffb9-2f3a-4383-af6b-ce0f0ec90704,39e3f40e-c712-470a-af45-e32c02735187,2021-06-03T16:29:19Z,2021-06-09T00:00:00Z,TRUE,TRUE,US,Delaware,Jeremiahview
fccfc5b6-ac43-4891-bfbf-38870c1b75b1,f6604a7f-eef6-409e-ab1d-6643d4cc150c,2022-03-11T08:14:13Z,2022-03-18T00:00:00Z,TRUE,TRUE,US,Illinois,Kellyside
06a51213-9db8-4b9a-ba48-192c3d69a46f,2dabb9e5-1b42-4122-a021-8851ded95c4b,2022-02-25T03:28:22Z,2022-03-05T00:00:00Z,TRUE,TRUE,US,Utah,Toddmouth
ce44e860-5ce8-4a26-b48c-46e497b0aa95,b71d23ce-815b-409e-b4f0-2884feb34eb5,2021-09-06T21:55:00Z,2021-09-26T00:00:00Z,TRUE,TRUE,US,Pennsylvania,Gonzalezfurt
91f64f3b-903c-4e5c-8572-70167e6562ce,a497b8f1-fe95-4e5b-a1d6-a95179625c33,2021-09-16T18:21:26Z,2021-10-13T00:00:00Z,TRUE,TRUE,US,South Dakota,South Madison
6223c4df-6899-478e-b47b-affd83de96fe,32d9d36d-8bb0-4d65-a510-653ece9f60e9,2021-06-19T17:22:00Z,2021-07-10T00:00:00Z,TRUE,TRUE,US,Missouri,Christopherview
99262856-4189-4190-bfb2-6cbd0fe590ad,eb29f438-9a20-41d1-a024-c9a7abc3f00b,2021-05-11T14:22:57Z,2021-06-01T00:00:00Z,TRUE,TRUE,US,Virginia,Lake Crystalberg
b4d5aa7c-cee5-479e-bd7b-a0c7497cb1cf,d69b8a58-3d85-493c-a468-e247b4cd7ce9,2021-05-26T09:52:27Z,2021-06-29T00:00:00Z,TRUE,TRUE,US,Florida,Port Carmen
ccc50af7-895d-474c-8e8d-d6d37c042dde,15e3d171-6fc0-41a1-8f32-0ad6d3b58a51,2021-08-09T16:05:03Z,2021-09-06T00:00:00Z,TRUE,TRUE,US,Illinois,Donaldburgh
cc4939d1-5b24-4368-9261-7d8801a04062,46f9b01c-b9c5-4348-9335-d8ce8395a92a,2022-04-06T00:55:05Z,2022-04-16T00:00:00Z,TRUE,TRUE,US,Massachusetts,Donaldfurt
65af3f74-c784-4534-beb1-b19515f0439e,0111fdf9-9dfa-415c-bed6-dc515202c38f,2022-02-13T22:25:34Z,2022-03-01T00:00:00Z,TRUE,TRUE,US,North Dakota,Christopherberg
3114f45d-5d12-4515-87db-3e7de88a67fb,c0e6cccd-6bac-406a-8c6e-84d44402c7aa,2022-03-02T02:39:08Z,2022-04-07T00:00:00Z,TRUE,TRUE,US,West Virginia,New Kristenmouth
db2ec40d-7f9d-4c2e-bf88-6d4fe033ae51,8a878a9b-01ef-4415-9c1b-5d8929d99b65,2021-08-25T00:21:22Z,2021-09-22T00:00:00Z,TRUE,TRUE,US,Alaska,Lynchshire
4da5c598-e700-447b-9444-203f5db48625,7c7f4466-c0d0-414d-91bc-1e5dff76768e,2021-06-16T21:51:10Z,2021-06-29T00:00:00Z,TRUE,TRUE,US,Virginia,Fischerstad
8e7d9fa1-6ace-44a6-86a5-4f5d479f0f80,1584a027-f1f4-4c96-a61d-38c8efadb685,2021-06-18T02:08:26Z,2021-07-14T00:00:00Z,TRUE,TRUE,US,California,Millerberg
1e92f9fd-7b91-4206-8dcf-0dbba3cdc2d0,88cbb26f-5542-4146-9a74-de45a5a17399,2021-08-30T17:31:56Z,2021-09-26T00:00:00Z,TRUE,TRUE,US,Illinois,South Amandaville
3c588b54-1757-4da9-9b03-dcffa9ce68a1,a8e13790-db63-4e21-99cd-c17251711692,2022-03-23T14:28:05Z,2022-04-14T00:00:00Z,TRUE,TRUE,US,New Mexico,West Alec
d7d9833e-359d-403e-84e7-1b26be64b633,6a1eeb6e-1abe-40c3-b867-238bea609f51,2022-01-20T20:17:01Z,2022-02-16T00:00:00Z,TRUE,TRUE,US,New York,Lake Stephenhaven
ec97007a-84dc-4b73-a78e-81c22bcbe475,4120dbba-ad53-4643-a5f2-fb51ff9ad595,2021-12-04T07:33:37Z,2022-01-01T00:00:00Z,TRUE,TRUE,US,Hawaii,Port Jeanetteside
84bcb3cf-6a10-4708-b9cf-c983eadbea4c,335107c1-6b35-4a1b-883d-9e4436deeef4,2021-06-29T01:25:14Z,2021-08-01T00:00:00Z,TRUE,TRUE,US,Colorado,Lake Pennyfurt
b3b4c66e-16d5-4661-91d2-6ea17fe83dd7,7ffa340d-2e70-4287-af77-cfdc8d220cd7,2021-06-06T23:34:37Z,2021-06-27T00:00:00Z,TRUE,TRUE,US,Tennessee,Richardfurt
ea6bd81d-729b-4925-9c1c-12b80b24d15f,a96380b7-b190-4004-8488-d5357d4be451,2021-05-25T20:29:13Z,2021-06-15T00:00:00Z,TRUE,TRUE,US,Arizona,East Frank
498e6580-86a1-4ef0-879b-89a2fb95baab,12432a78-434c-48cb-9caf-407444be17c1,2022-02-07T02:53:37Z,2022-02-12T00:00:00Z,TRUE,TRUE,US,Nevada,North Thomaschester
baafa31a-e9fa-4062-8020-8c648204ccd7,691abaee-5ab0-4a0f-9890-1abd54ab5183,2021-06-11T08:19:40Z,2021-07-15T00:00:00Z,TRUE,TRUE,US,Mississippi,Taylorfort
ccb01c18-3303-4b8f-9a42-97d1e5c7665f,68bae430-9345-4c86-a4d5-94910d634333,2021-10-24T01:04:04Z,2021-11-12T00:00:00Z,TRUE,TRUE,US,New Hampshire,Mullenburgh
22386888-ee9f-48b4-bf27-b42bb36b6389,b70f0e75-c3d0-45fb-bf32-680f6f94dbd9,2021-08-30T09:57:48Z,2021-09-09T00:00:00Z,TRUE,TRUE,US,Illinois,West Amandaland
a252fc9e-af86-4e3e-96a8-5f81b94579ae,8d76deab-7119-45f5-bf56-d7ed3d8ee729,2021-08-17T09:27:37Z,2021-09-03T00:00:00Z,TRUE,TRUE,US,New York,East Anthonyhaven
644c7978-8cd4-4c01-8688-39cce0ff9fb5,49d6b626-2b4b-42cf-8322-e96e61536c0d,2021-10-24T17:45:19Z,2021-11-08T00:00:00Z,TRUE,TRUE,US,Alabama,Craigtown
26c53c2c-7e23-4da8-ae7e-98e2a4aa5f1f,687c2493-57df-4484-8396-33ac6ae3bee8,2021-08-07T07:25:32Z,2021-08-24T00:00:00Z,TRUE,TRUE,US,South Carolina,Port Heatherberg
0aeca0cd-5e40-4a94-992b-6d14b675ce6a,dca0daa3-56b3-49c5-b92b-e98f8b60a040,2021-11-13T14:08:49Z,2021-11-14T00:00:00Z,TRUE,TRUE,US,Michigan,South John
30abf8a2-7361-4ee1-ae72-da85cc567d99,26cf812c-3535-40d7-afab-fd8593a09eca,2021-08-27T14:34:35Z,2021-09-15T00:00:00Z,TRUE,TRUE,US,Nevada,Juanbury
bb551f4a-3afe-4248-ac11-73205f5e4155,f0b89e70-74fc-4f3f-ba64-a761b0f9739e,2021-12-10T09:42:01Z,2021-12-24T00:00:00Z,TRUE,TRUE,US,New Mexico,Williamchester
ad7bdaaa-000e-4d81-9aaa-63074f1abee9,359003a6-f6a0-40ef-842c-e5f9cd24163a,2021-12-04T00:55:12Z,2021-12-23T00:00:00Z,TRUE,TRUE,US,Arizona,Mistymouth
9dbb9b51-d6e1-4f9c-b4b6-e620e922dd2a,7afaccb2-5b18-4ac6-b1cd-3df61f6151ef,2022-03-29T19:21:54Z,2022-04-07T00:00:00Z,TRUE,TRUE,US,Alaska,Kariville
e1a799d9-be2d-409f-810f-50e9d018fd0d,b0690951-5835-4c1d-bbf5-c3a6c9e51e6a,2021-08-07T22:34:44Z,2021-09-11T00:00:00Z,TRUE,TRUE,US,Vermont,Anthonyhaven
4313dfbc-98fc-4cd3-8f67-14f516cf4274,305ffe8d-b317-44ea-8e9a-73922b841e0c,2022-02-06T12:23:37Z,2022-02-14T00:00:00Z,TRUE,TRUE,US,Alabama,East Erinland
86a58b8b-2825-4d9f-8fa9-edc865bd525d,d14f84b2-372a-4767-9e37-bb60ad83dad3,2022-02-03T12:43:48Z,2022-02-20T00:00:00Z,TRUE,TRUE,US,Louisiana,Lake Andrewville
99a9318d-4533-4025-9782-e6fbc36552af,8da1b169-bdcc-4290-afa3-a028f829ea25,2021-09-27T16:54:29Z,2021-11-02T00:00:00Z,TRUE,TRUE,US,Arkansas,Lopezshire
e7aa3953-2fa2-48c2-8722-4e155988032f,02309546-fade-4013-8e7e-1e2f41b32241,2021-07-13T13:51:49Z,2021-08-08T00:00:00Z,TRUE,TRUE,US,New Jersey,Courtneyburgh
888a3754-969a-463c-87e5-7b5e7e884a7e,f3b7ec1b-83de-495a-b5ac-58de9efc74a4,2022-01-22T23:38:36Z,2022-01-27T00:00:00Z,TRUE,TRUE,US,Colorado,Tinabury
e7bc9844-f899-4957-8c96-a51ade2df612,d78b0288-2587-45db-8285-00aaf4599586,2021-05-06T06:24:12Z,2021-05-08T00:00:00Z,TRUE,TRUE,US,Connecticut,Christinaburgh
413f7f05-9119-45c1-9e07-2ff6bb25f4fc,491866e4-168c-48b1-b974-6e7498868b6d,2022-01-23T07:48:30Z,2022-02-27T00:00:00Z,TRUE,TRUE,US,Vermont,Ramirezburgh
b482e6c6-ae74-46d8-8fef-fe60975b24aa,99413f14-2593-476a-84c8-ecb351de38db,2021-06-04T19:42:26Z,2021-07-11T00:00:00Z,TRUE,TRUE,US,Georgia,Wilsonstad
7a5c736e-af85-41f1-ac52-a16b33a46d5d,398b0d99-99f2-4089-9b9d-6bdbfa6046b7,2021-07-10T02:09:30Z,2021-07-26T00:00:00Z,TRUE,TRUE,US,Massachusetts,East Christian
e1629904-239a-4599-8c59-be1f4e592ea0,79c0b304-248c-4dd7-93f9-5c0230dcff21,2021-04-28T21:38:04Z,2021-05-25T00:00:00Z,TRUE,TRUE,US,Arkansas,Cowanton
604b3000-5bc4-4ba3-a4ea-088af8fff8f3,4bc0482f-7bc8-4acc-a6a6-b23c33e5b26b,2022-01-10T05:58:03Z,2022-01-29T00:00:00Z,TRUE,TRUE,US,North Dakota,East Nicholasland
cb4783fe-657b-4275-a4c4-be69a8446a12,8a34060d-3182-47bd-8660-7090d4994cbd,2022-02-27T08:49:59Z,2022-03-06T00:00:00Z,TRUE,TRUE,US,New Mexico,North Chelsea
2b234c34-c066-4aaa-8bd5-14a9a82a9853,2cf31768-5ef7-488d-aa74-aec8fb54eba7,2021-06-12T08:08:41Z,2021-07-14T00:00:00Z,TRUE,TRUE,US,Delaware,North Molly
c3866ddf-d7f5-49c8-a5d5-d32786f38b23,34c1e753-306d-4be0-be03-944839dd1525,2021-07-30T09:51:37Z,2021-08-03T00:00:00Z,TRUE,TRUE,US,Maine,East Juliaberg
168c6191-f771-4aa4-bd24-cad1df852781,364eb7ae-de28-4710-b2fb-c4dc66484fb0,2022-02-22T02:59:11Z,2022-03-25T00:00:00Z,TRUE,TRUE,US,Mississippi,Liuchester
53c76faf-80e8-4776-9a32-316750f3ceb7,eb9fb73c-fc9b-432e-90a2-aa153335883b,2021-08-22T03:49:36Z,2021-09-27T00:00:00Z,TRUE,TRUE,US,Arizona,South Lisaside
a40da75b-bd83-4a98-ba32-20430db4dc3e,01078742-a577-42dd-9504-2572dbc56faf,2021-07-23T20:09:46Z,2021-08-08T00:00:00Z,TRUE,TRUE,US,Colorado,Schroedermouth
fac93d3f-23a3-43f7-8fc2-68ee78e379fd,592aaeb4-cafb-4f19-bcd6-57b78356f167,2022-01-13T09:59:29Z,2022-02-11T00:00:00Z,TRUE,TRUE,US,Georgia,South Jonview
773b37b5-f171-4ac8-b844-e3f8458c4dd9,b3eeff33-44cb-4585-8d1d-57260974f033,2021-12-28T00:12:44Z,2022-01-11T00:00:00Z,TRUE,TRUE,US,Nebraska,Marcusstad
f7ccb55d-d495-4009-a426-d719f7bdd8fc,2b0c2d7a-429d-48f6-b0d4-521a4f7a5cf3,2022-02-16T19:04:39Z,2022-02-18T00:00:00Z,TRUE,TRUE,US,Massachusetts,West Steve
d41bd474-8cd8-459d-a90a-83034748aad1,67477434-bec7-4167-9bf0-a363db7ffe93,2021-05-09T12:52:40Z,2021-06-14T00:00:00Z,TRUE,TRUE,US,Hawaii,Kathrynberg
b4a21adf-5323-4a13-80dd-0b004fb8bf32,8a8ec84f-65a9-48dd-8a62-60f6e2405d61,2022-03-17T15:11:03Z,2022-03-19T00:00:00Z,TRUE,TRUE,US,South Carolina,Port Robertport
b3e0949c-92a9-4201-aee7-da1fbeff929a,8224dfc1-55d0-459f-9d6e-712d970ac9a8,2021-09-27T12:33:43Z,2021-10-04T00:00:00Z,TRUE,TRUE,US,Massachusetts,Port Sean
95970939-91fd-4adf-8fa0-c20e06557a9c,4d534fae-5d9a-48b6-9968-07d452f1a7b5,2022-03-26T23:56:52Z,2022-04-22T00:00:00Z,TRUE,TRUE,US,Kansas,Christinaburgh
19e2d95c-5999-48f3-ab01-83d82a039389,8c8e1795-5868-4c2d-b39d-35d9f73d6742,2021-10-24T05:02:46Z,2021-11-04T00:00:00Z,TRUE,TRUE,US,Kentucky,Mooreville
a34e4fd6-89c8-4e39-bc4d-7e70038eb0b5,e3c2520c-a26c-4b4f-944d-88677f8861a3,2021-05-10T12:38:48Z,2021-06-04T00:00:00Z,TRUE,TRUE,US,North Carolina,New Arthur
67cc3788-b61c-474c-b769-33b6f53bb2a1,acb664eb-be19-46c8-b772-5ad174a7c950,2021-05-05T05:09:17Z,2021-05-14T00:00:00Z,TRUE,TRUE,US,Tennessee,North Elizabethland
bf1c171b-8266-417f-a60f-51aabeb84a3e,92d3bf54-2dc5-4293-9a97-cfb881bdb5f2,2021-09-15T02:05:20Z,2021-09-21T00:00:00Z,TRUE,TRUE,US,Mississippi,Stevenfort
f7015ecf-a484-47bb-b237-379fd2b08f95,6a64b111-43a7-45a5-8bf7-78c7c1597e67,2021-10-19T08:39:06Z,2021-11-05T00:00:00Z,TRUE,TRUE,US,Delaware,North Catherinetown
d5894cdb-9d18-4fb8-9350-a70002fc4cc1,2216bad7-118d-4106-9f35-6aa8ddb6c82b,2022-02-14T16:21:33Z,2022-03-04T00:00:00Z,TRUE,TRUE,US,Texas,Jonathonshire
35c3c244-e31b-4b99-8cc2-293441a2fbe2,e8e88803-cd18-4b07-8dd5-f74960dc5a87,2022-01-09T18:54:35Z,2022-02-08T00:00:00Z,TRUE,TRUE,US,California,East Wendy
b074fdb6-1f9e-404b-9466-6300ff0c19f9,ac1e6e72-2c77-4136-b237-7a225d508607,2022-01-15T05:26:48Z,2022-02-09T00:00:00Z,TRUE,TRUE,US,Tennessee,Juliaburgh
247baefd-b90b-4aa7-93f8-f1bf820b6b78,180f79a3-4518-492a-a560-60ce3ea2b06a,2021-08-03T18:32:01Z,2021-08-04T00:00:00Z,TRUE,TRUE,US,Alabama,East Marthastad
26582c65-89d2-4a17-9ee1-9f861d654f1d,9bf9524f-d34a-40ac-b9da-fd30fc47a5a1,2021-07-18T22:48:19Z,2021-07-20T00:00:00Z,TRUE,TRUE,US,Mississippi,South Debra
f4a41a83-34d7-4029-bafb-d8966f372daa,aae22327-b49f-4bd0-a3fa-a380bf0bfe8f,2021-08-28T04:59:37Z,2021-09-06T00:00:00Z,TRUE,TRUE,US,Pennsylvania,Port Jacquelinemouth
0cfffd8e-dd53-43c8-949f-8a0734f445d5,4ea7f65f-807b-4ec0-92bc-b3c9df377704,2021-10-08T17:42:54Z,2021-11-01T00:00:00Z,TRUE,TRUE,US,Florida,East Kelly
4324b372-2a71-4cd4-9396-6b1f4d2aec1f,cd433b51-ac9a-4c35-b3ab-f92a03f50990,2022-04-09T17:35:14Z,2022-04-30T00:00:00Z,TRUE,TRUE,US,Alabama,North Stephanie
ec95fd12-579f-4166-8020-0ead7f5301be,f4770b0d-c9b3-43e8-b38d-371cad08df23,2021-11-11T19:40:04Z,2021-11-23T00:00:00Z,TRUE,TRUE,US,North Carolina,East Kellyburgh
d83a9d4e-ac7c-4b8a-9532-5b68e12bbeae,3bca12d6-e304-477d-a6ad-a3319e36b8d5,2021-05-16T01:12:05Z,2021-05-21T00:00:00Z,TRUE,TRUE,US,Washington,New Williammouth
76855e30-5b96-4fd3-9ab5-85127f5235d2,307629b3-6be7-4793-acf1-c3d33c6a46fb,2021-05-27T12:30:34Z,2021-06-01T00:00:00Z,TRUE,TRUE,US,Colorado,East Anthony
4abc2298-4de9-46b1-ad7b-be5b87e9dfa8,e0ee5545-7827-4e19-9f21-9ce441c2a3c0,2021-11-14T04:04:53Z,2021-11-28T00:00:00Z,TRUE,TRUE,US,New Hampshire,Juliechester
e68a7f5d-d3e9-4215-925c-c9fadb3356ef,95936d0d-e5e5-46f2-9fbe-67bf6bd5abf2,2022-03-14T16:34:40Z,2022-03-29T00:00:00Z,TRUE,TRUE,US,Nebraska,Lawrencetown
cf6b849c-1fd4-407b-83e5-17fcc184e378,d2f730df-3340-416d-a55d-5bad05045573,2021-12-30T13:53:16Z,2022-01-03T00:00:00Z,TRUE,TRUE,US,Oklahoma,South Joelchester
c377c09a-47c4-4d5c-87b8-a42641625444,ca63fada-2836-4405-96f0-609a47467819,2021-08-19T20:51:38Z,2021-09-05T00:00:00Z,TRUE,TRUE,US,Iowa,East Nicolemouth
f82388e8-72ea-4dfd-907e-abe24560e1d3,42a81914-5d81-4e46-8543-1565ef08142d,2021-11-23T09:21:47Z,2021-12-25T00:00:00Z,TRUE,TRUE,US,North Carolina,Lake Judithshire
f7f4bacc-f8b0-490c-a8ff-0d99a9cd056e,d0bbc750-ece4-4224-a2ad-8f9f7da70ff8,2022-01-20T23:45:07Z,2022-02-15T00:00:00Z,TRUE,TRUE,US,Rhode Island,Stonefurt
93ad2354-2905-4fd9-8571-780909bf124e,f4d56d4a-bdd9-4c76-98a1-aae58d6c944f,2021-10-29T09:45:12Z,2021-11-22T00:00:00Z,TRUE,TRUE,US,Louisiana,Lake Rebeccatown
9191cb1a-7656-472b-b8c6-1671e7004d30,7f5a6a0f-c810-472a-8cff-dd6d6e363ac8,2021-10-15T12:28:05Z,2021-10-22T00:00:00Z,TRUE,TRUE,US,Georgia,North Sabrinachester
b2c375ec-b82d-414c-9cac-0bc9391f6b64,02c4d3a7-3077-4187-8cc2-701051ec6eca,2022-02-07T11:41:27Z,2022-02-18T00:00:00Z,TRUE,TRUE,US,Florida,Tinamouth
6de1bbf7-539a-4270-a611-f21a9058c9c8,4613ddfb-0b4d-4b95-a6a9-5ec1448be62a,2021-12-12T03:55:07Z,2021-12-16T00:00:00Z,TRUE,TRUE,US,Pennsylvania,Michellemouth
bd072ac2-a1dd-4224-9ba0-3b2debe56a43,fa96e670-3613-4d77-9cfb-de412f01e2e1,2021-11-20T02:45:44Z,2021-11-23T00:00:00Z,TRUE,TRUE,US,Virginia,Lake Ann
75f7f03d-3126-48d8-9eb3-4193847dd606,5354f403-1104-4e39-a0f8-7047bbcef005,2021-05-12T00:41:14Z,2021-06-09T00:00:00Z,TRUE,TRUE,US,Vermont,East Darlene
8351f638-ee64-494f-a576-9d3cde7a1932,bf9f2a31-7e5a-4028-ac03-b7f917ee2338,2021-09-27T09:03:20Z,2021-10-17T00:00:00Z,TRUE,TRUE,US,Missouri,West Robyn
7b746417-5f81-420c-8ba6-ed9bb9d3e7c4,2a186cb9-5e53-4a60-b7d2-7479b97fb36f,2021-07-03T08:24:48Z,2021-07-09T00:00:00Z,TRUE,TRUE,US,Arizona,Hudsonborough
a8380e7d-f70f-4afa-9e62-3230e243f11a,a19306f9-81d6-441f-966e-9bf57f7b1020,2021-12-11T01:29:59Z,2021-12-22T00:00:00Z,TRUE,TRUE,US,Texas,Millerton
cc114132-2239-451c-a7d2-c261ec9cebda,36ef447c-c5f1-480b-939d-fa3fe08f6f6b,2021-05-09T09:49:01Z,2021-05-23T00:00:00Z,TRUE,TRUE,US,Nebraska,Pughmouth
7e37e58b-7d7e-429f-a7b0-779f706f14cf,d95f19dc-82b0-4bd6-9cd5-c93d00a3e0e8,2021-06-09T01:34:04Z,2021-07-16T00:00:00Z,TRUE,TRUE,US,Mississippi,Sharpbury
809bacab-14a4-41bd-a7be-447351d8116e,07050de7-22af-418f-bfa1-f0585acd764e,2021-09-09T21:57:08Z,2021-09-23T00:00:00Z,TRUE,TRUE,US,Virginia,Romeroborough
5b813ca1-0cf6-4f2e-b302-f1fef652a672,95915cd4-9c9b-420e-8399-3dbf7598db3d,2021-07-05T23:32:04Z,2021-07-09T00:00:00Z,TRUE,TRUE,US,Vermont,North Ronaldstad
e2bd1252-66f7-4580-b3d0-6c9007fe4b3a,bbdbf168-1f10-49c0-a745-50755d863144,2021-07-11T08:37:02Z,2021-08-11T00:00:00Z,TRUE,TRUE,US,Florida,Lake Ralphberg
d243bf38-d072-4d38-820e-edd5dd8d53e1,ad4f0681-6ed9-4835-90ba-024cd24eccb9,2022-04-03T00:27:23Z,2022-04-07T00:00:00Z,TRUE,TRUE,US,New Mexico,Wrightbury
3d7af490-1ba2-4fef-9b40-3aed3944bc9c,ebc6ed13-74c4-4cff-b29a-4e9ae3731e39,2021-08-09T12:30:54Z,2021-08-15T00:00:00Z,TRUE,TRUE,US,Oklahoma,North Frankmouth
71c40f6d-50ac-4624-89fb-6a014b33fc05,ec915d69-b7d0-4ec6-b256-757b70cd6922,2022-03-14T21:55:14Z,2022-03-25T00:00:00Z,TRUE,TRUE,US,Ohio,New Andremouth
dd813c3d-d5bf-486f-8964-44edfc3b31b0,beb15a8c-b35d-4794-a08b-bfb7f18bb35c,2022-01-15T22:09:00Z,2022-01-23T00:00:00Z,TRUE,TRUE,US,Wisconsin,South Jamesburgh
65864c6b-7669-433c-83c3-91f5799f3988,8a127d79-cfda-4ac0-bb72-18a0232de15d,2021-10-16T07:54:44Z,2021-10-28T00:00:00Z,TRUE,TRUE,US,California,Lake Daniel
beb03fbb-d679-4840-bf53-fda20b201d64,434be876-0578-45a8-b1e6-9ed3f47e079f,2022-02-08T04:21:26Z,2022-02-10T00:00:00Z,TRUE,TRUE,US,Nebraska,East Peggyland
5d62b1ed-b9c5-4de5-81aa-253650e731c5,f30c8370-c422-4e00-81a4-869aacdf2b80,2022-04-08T17:54:35Z,2022-05-09T00:00:00Z,TRUE,TRUE,US,Delaware,Contrerasside
ce8ad0ec-e0c1-4f14-aa97-cfbcdbba76f5,040fdec0-4b9c-4594-802c-bd9dcd5e0f4d,2021-11-16T02:18:47Z,2021-11-24T00:00:00Z,TRUE,TRUE,US,New Mexico,New Jessicahaven
0690df86-307b-4b6b-bd14-15afe62c772d,c96c434d-20ca-420b-9399-b9a7894b0062,2021-12-03T13:27:43Z,2021-12-19T00:00:00Z,TRUE,TRUE,US,Rhode Island,Briggschester
78715334-5b99-48fd-8799-90635a19f41d,42079e5b-2f14-41c6-939b-525f5c9fc5ed,2021-12-19T14:41:00Z,2022-01-24T00:00:00Z,TRUE,TRUE,US,Maine,Miaton
d2d08e88-144f-4fe2-821d-9a47cdc8bdcd,b2b3e6ec-cbaf-4dcc-9859-8c1194f51651,2022-03-26T05:44:46Z,2022-04-16T00:00:00Z,TRUE,TRUE,US,Washington,Davidfurt
b89a8484-eecf-473a-92da-92363bc897be,3d440e67-4339-4c4b-b622-3445df49f616,2021-09-12T15:26:04Z,2021-10-04T00:00:00Z,TRUE,TRUE,US,Idaho,South Jason
67c8bd58-7642-43ce-be8f-58c37f6b9f6f,523fed7f-1c78-47cd-9dcb-e5583610b9a9,2021-10-21T15:55:46Z,2021-11-26T00:00:00Z,TRUE,TRUE,US,Ohio,Santanastad
b4acd66e-0e27-478e-ba02-60ec74ec8a62,6c20b30c-3efb-4dd5-9718-0f8ca3847c1c,2022-01-21T07:58:32Z,2022-02-04T00:00:00Z,TRUE,TRUE,US,Iowa,Lake Loriside
68edeca9-8a0c-4185-8d34-5a5ee1a4e908,72ca4a30-d368-49a6-bea4-677f97553258,2021-11-20T18:11:15Z,2021-12-17T00:00:00Z,TRUE,TRUE,US,Rhode Island,Dillonland
0d1a8ce7-2404-4cc7-ab45-4e6f5b5beadd,0cde21b8-3073-44fb-bd3e-3fae17d7607c,2021-12-11T05:53:46Z,2021-12-30T00:00:00Z,TRUE,FALSE,US,Kentucky,Christopherberg
29dec561-08e5-49cf-934b-282fa60a69f7,4f2d815f-c91d-4b5f-ad1e-be0b7ab37d3e,2022-01-17T03:00:12Z,2022-02-18T00:00:00Z,TRUE,FALSE,US,Illinois,Torresfort
03982fc4-b69d-411e-ad89-82e4d60a0064,fd5f05e9-f48b-4c09-bc81-9378f18ea117,2021-11-24T03:36:27Z,2021-12-05T00:00:00Z,TRUE,FALSE,US,Oregon,Myersshire
1f53c18d-b459-4148-a96f-52007cf3c1ff,38778397-bbf7-4656-89c8-77e6006edfc3,2021-11-07T20:30:23Z,2021-11-11T00:00:00Z,TRUE,FALSE,US,Ohio,South Joshuafurt
16df9247-02ce-4561-9332-4631e3a56212,5e9a0f38-ba2a-49c5-9517-98dd183bbbfe,2021-07-26T02:02:14Z,2021-08-20T00:00:00Z,TRUE,FALSE,US,New York,East Sarah
0515a061-ba83-467a-b93a-a18537a6098d,41f898b1-4ae8-4ed6-b08c-3b203b906390,2021-11-28T11:08:32Z,2022-01-04T00:00:00Z,TRUE,FALSE,US,Indiana,East Angela
01d41625-2dfb-49a2-aadc-98ffc3f0da8d,b8fc4e50-e763-48f2-a895-9609f5e2c7aa,2022-03-19T04:41:53Z,2022-04-18T00:00:00Z,TRUE,FALSE,US,Tennessee,Brightport
4817cd88-a089-4923-832b-ee04a982ad8d,08f95330-e007-4e6a-be36-ee9d396e54a2,2021-12-20T14:55:46Z,2022-01-04T00:00:00Z,TRUE,FALSE,US,Wisconsin,Michaelberg
2238df3f-f252-4653-907c-8980074c5d93,29ef5e67-7c26-4f1b-8597-b14cafd64142,2022-01-11T19:11:01Z,2022-01-16T00:00:00Z,TRUE,FALSE,US,Minnesota,Port Markfort
05800d78-57f0-44c3-9910-1f87e91e14d8,fd7d3b00-4e4a-4211-9079-b0f523fc8587,2022-01-26T01:37:13Z,2022-02-08T00:00:00Z,TRUE,FALSE,US,Oklahoma,East Nicole
1fd4884e-3d42-4774-b4a4-c2063f21bcfd,0c0539de-4a0b-44ad-8285-f0c4ddbde5cb,2021-12-06T02:17:39Z,2021-12-11T00:00:00Z,TRUE,FALSE,US,Massachusetts,Debrafort
58264004-6dc0-489c-93b6-c340db734ae6,471526cf-470e-43d2-bb9f-abd8f0e53d03,2021-10-13T16:47:52Z,2021-11-09T00:00:00Z,TRUE,FALSE,US,Oklahoma,Lake Daniel
204a01fe-6777-4dea-b9a2-4e278a78e228,98c6520b-2e3a-4032-8973-11b757530fd7,2021-09-07T00:14:47Z,2021-09-18T00:00:00Z,TRUE,FALSE,US,New York,Port Michaelside
26731b34-fbe0-4dfc-9a5e-ceb50641cd4f,300a2211-6087-4e88-887c-de1472b8c772,2021-10-07T20:11:40Z,2021-10-30T00:00:00Z,TRUE,FALSE,US,Pennsylvania,Thompsonchester
0c95de3f-4aa9-4a9e-92ec-6ae9b6f44063,e9b763a0-38f3-4d65-9792-8ca63e2254e5,2021-07-26T16:41:24Z,2021-09-01T00:00:00Z,TRUE,FALSE,US,Missouri,Velasquezton
2ba1401a-34b2-4aea-8f04-d5798486fa08,59a58faa-4a6d-44cc-a55e-a85ca9a39ccc,2022-01-10T15:07:41Z,2022-02-07T00:00:00Z,TRUE,FALSE,US,Nevada,East Kellybury
0765bd0d-c97b-4078-a91b-ccfc08d38ec3,7cdf83ad-7507-48de-abfc-651429410ebc,2022-01-10T14:51:28Z,2022-01-22T00:00:00Z,TRUE,FALSE,US,Oklahoma,Port Coreyhaven
37434745-3798-471f-bbe7-d6aa661a2402,4b0c3e5d-4b3b-47a3-b142-1985fd2a0376,2021-11-16T21:01:10Z,2021-12-01T00:00:00Z,TRUE,FALSE,US,New Jersey,South Gregory
126c5386-44f4-4235-bd45-47aa596a6c02,7b4701c1-d13d-439a-8cff-f8426b6123e2,2022-03-04T22:00:41Z,2022-04-09T00:00:00Z,TRUE,FALSE,US,Hawaii,South Cathy
3750ec8b-4f7d-41ab-9cbf-c43b62fa3e9c,5ec6292f-b048-4e6a-9f71-b1cb45923aa9,2021-05-11T15:15:05Z,2021-05-23T00:00:00Z,TRUE,FALSE,US,Illinois,Port Brendafurt
4757f166-f321-4773-8ea3-06874409e1f9,f252dd2d-072b-446e-8bdf-1e8bb94996b9,2021-12-08T03:00:36Z,2022-01-03T00:00:00Z,TRUE,FALSE,US,Oklahoma,Garyshire
31b4e512-fa51-43e8-9b8f-35ae1598cc5d,361a5937-7e4a-45c6-a700-6a2ebdf7354e,2022-02-05T23:05:31Z,2022-02-10T00:00:00Z,TRUE,FALSE,US,Kentucky,Jenniferton
13ffe059-4f0f-4239-8b54-f6dfcc7cc43d,759ad30d-f5df-478b-ba19-ad1b8ec9cb61,2022-04-14T13:11:56Z,2022-05-16T00:00:00Z,TRUE,FALSE,US,South Carolina,Lauraland
0d4b3f1b-3ff8-4453-846f-c6f14eebe490,e4775392-ce0a-400b-a92c-8398a17239d0,2021-10-25T07:22:23Z,2021-11-17T00:00:00Z,TRUE,FALSE,US,Maryland,Spencermouth
2f54ecf5-1f13-4e96-aea2-bc960b03a6b6,b36df4eb-2725-4a2c-8793-9a28906a9b69,2022-03-01T20:56:37Z,2022-03-24T00:00:00Z,TRUE,FALSE,US,Maine,Kennedychester
23f31695-3d61-46ff-91b3-be9f7641b35a,fa2e5fbc-d55e-47e5-8ea1-fc1d83c13ae1,2021-11-07T18:52:28Z,2021-11-19T00:00:00Z,TRUE,FALSE,US,Tennessee,Andersonstad
4aea2d84-151c-4be6-bfe9-13c33f834d7b,296b53b4-363c-47e0-8edd-8234489832ec,2021-09-30T00:29:14Z,2021-10-21T00:00:00Z,TRUE,FALSE,US,Virginia,Isaiahhaven
2c6805a5-bbc7-423d-8371-c6f77b412618,c0ef66d3-f681-4ad8-bc37-827001abad6f,2022-04-10T07:22:37Z,2022-04-27T00:00:00Z,TRUE,FALSE,US,Montana,West Joseph
0ebf2456-64a2-484f-9294-cb583f7366df,e80982ae-f103-4173-81f4-7e4435fabc11,2021-10-12T08:57:43Z,2021-11-05T00:00:00Z,TRUE,FALSE,US,New Jersey,North James
4c9453db-6183-4f44-8b73-0165e3e5414b,ebc161e4-18bd-4407-88b8-1ad142e76717,2021-04-26T23:50:02Z,2021-04-28T00:00:00Z,TRUE,FALSE,US,Tennessee,New Mikeland
8a42d9da-8aad-4fa6-9fce-1414d8786430,a84850be-65c2-497b-93e0-e09702772946,2022-03-28T16:20:45Z,,FALSE,FALSE,US,Montana,Hollymouth
6b63e006-51e6-4761-a359-3cfa4f22f5cd,7d2740a0-5b91-4feb-b6f6-879502212ce1,2021-10-16T02:25:13Z,,FALSE,FALSE,US,Hawaii,Hodgesburgh
dfc07f99-43f1-4e55-b78d-3cfd1b20a739,608c28cd-bbe5-4e3c-817f-34c0d54ee19e,2021-09-07T21:40:26Z,,FALSE,FALSE,US,Texas,New Lawrencemouth
fdd16d03-608a-4f25-ab10-fbde46bedbd1,864a8449-ad92-4272-b908-47d7c4b347b9,2021-12-23T21:50:23Z,,FALSE,FALSE,US,South Dakota,Lake Gina
6d794a89-e37d-40d8-a47a-79a1a99b1ab5,b8199172-a7b1-4808-9b61-5ce754ba7986,2021-09-16T05:33:29Z,,FALSE,FALSE,US,Kansas,Millerton
943cf319-00f5-4539-b328-d5fdb9ae85fc,232ee9a4-8307-48d8-8fe3-64f9aed2349e,2021-08-27T07:12:12Z,,FALSE,FALSE,US,Montana,Robertsonville
be0dda8f-3b53-47c5-8d5e-413cc0c635b3,6f1c5f50-145a-43f4-9ed9-627e065617a0,2021-05-29T21:45:39Z,,FALSE,FALSE,US,New York,Caldwellfurt
9198b8b7-f202-41b0-a4ba-308721b48379,be6e7f7f-18b6-43fe-97b9-e91327b740a8,2022-03-02T08:46:38Z,,FALSE,FALSE,US,Texas,Danaborough
73eb0694-deda-462c-a746-a8ea228b226a,5008aba7-5e64-46d2-8195-c68788aca2a0,2022-04-02T10:10:07Z,,FALSE,FALSE,US,Montana,East Marissamouth
67309c4d-5bdc-4015-bef0-310cb22f179b,dff0eab0-ebeb-4ce2-89d9-853f0a8f21fd,2022-02-24T14:25:56Z,,FALSE,FALSE,US,Wyoming,East Teresamouth
cd34fb1d-7094-4bcd-9c9b-d5c58729545f,ce712d43-2aba-4b48-8d47-0cd35e061ae8,2021-10-23T11:02:33Z,,FALSE,FALSE,US,Pennsylvania,Millerside
a9b34cf1-582c-4a9a-bf0b-de33e8814970,4622486c-8252-44b2-908f-be7fcc0e2ffc,2022-03-17T12:10:30Z,,FALSE,FALSE,US,Delaware,Stephensonville
b82e54b1-abad-4908-96d5-15c9770ba032,cdba34f1-df7c-4653-b773-cacc8bc0eb98,2021-07-08T01:40:50Z,,FALSE,FALSE,US,Kentucky,New Valeriebury
6ca8ad40-b85c-409c-b2e7-7028adace8ea,6009ca72-d691-4d4e-9f69-84252de57bc0,2021-12-19T23:58:15Z,,FALSE,FALSE,US,Louisiana,East Vanessa
6faf21b2-7db5-4929-901a-a9d1bb0029c7,82875934-833b-4212-aa24-68070b11e494,2022-04-08T16:37:09Z,,FALSE,FALSE,US,Utah,North Andrew
9d0666eb-7797-4e9a-9973-03c8396bfae3,d50ff0a2-e7dd-4e9b-95e5-a216505bb409,2021-06-08T10:16:43Z,,FALSE,FALSE,US,Arkansas,East Kristinaborough
82ef40ae-ef92-42e0-849b-415bb71503df,ddb4d673-7201-439f-af8b-1e223d342d1e,2022-04-11T13:59:22Z,,FALSE,FALSE,US,Utah,South Randymouth
a594ce9e-2800-4251-a9ee-2bbeeaa9824e,b31c14b8-0975-46c9-a355-378957f4bc58,2022-04-07T12:29:10Z,,FALSE,FALSE,US,Missouri,South Kathryn
b1e335ad-8c59-4afa-b0d6-aff0b86d74fa,370e3732-1d47-4f9e-af5c-604b252d62dd,2021-09-26T02:45:02Z,,FALSE,FALSE,US,Hawaii,West Jonathanville
cb628b4f-3b3f-48b7-9081-4244aca46b57,2ea0b468-3832-4617-bb7a-a96ebc6e783e,2022-01-24T21:04:27Z,,FALSE,FALSE,US,Alabama,Donovanville
5af3cb46-b503-4277-921b-bf70a11ebf4b,3685c39f-0d70-4060-9805-753776aa5097,2021-12-23T18:21:07Z,,FALSE,FALSE,US,Texas,New Brian
c8ea87e1-9fc7-42c8-8177-3b2045611719,2d9ca526-4d73-4c66-8ac0-ed4a50cd67c3,2021-10-28T02:41:16Z,,FALSE,FALSE,US,Texas,Sheppardville
771db21c-60e3-42d2-88e5-1d186b48c138,096c89c6-39cd-467a-a03f-a3db8f96843e,2021-08-11T21:35:56Z,,FALSE,FALSE,US,Kansas,North Daniel
5d72d07c-6f27-4102-9c0a-e43c920aba65,ea80b8c9-4566-4100-ae27-899b66349210,2022-04-18T01:39:05Z,,FALSE,FALSE,US,Montana,Ortizland
b1f2c081-f4d0-42b0-bbfa-ec40d3bae01b,2c61a823-152d-4c90-aac3-9ecd4113714a,2021-10-26T22:03:02Z,,FALSE,FALSE,US,Vermont,Port Justinfurt
d6f84433-a6e8-47c2-8d2d-f2df308a949f,54b17896-395b-4f22-8c13-332ec2476d70,2022-02-15T13:35:15Z,,FALSE,FALSE,US,Rhode Island,South Nicholas
a9c0c42d-aaa2-4d58-9681-67bed278e885,39d16229-1b7b-4634-b0db-224187f59a3b,2021-06-25T18:31:27Z,,FALSE,FALSE,US,Alaska,Josephfort
beaf90f1-e7e5-4518-bba8-317c1632b1f3,d58c5807-c02b-4201-bb30-368f915d2067,2022-03-07T02:56:33Z,,FALSE,FALSE,US,Vermont,Port Michael
abb6e159-440e-4f92-95f9-f2ed39444169,a4c57f05-c84c-40a2-a47b-e82ebab8bd7c,2021-08-10T08:15:05Z,,FALSE,FALSE,US,Texas,West Leslieport
990783de-8ef0-4239-9d98-4ef6a5af8737,1f3b8165-b2fb-4a28-81d6-90260884437c,2021-12-07T05:44:59Z,,FALSE,FALSE,US,Wisconsin,Fosterbury
9ad5cf84-b14e-4560-9d1e-f2c5fc9887f6,f3471e45-bb67-4c5a-94a6-be17e073df6f,2022-01-22T04:55:23Z,,FALSE,FALSE,US,Oklahoma,Davidton
c13c89d2-ad06-4962-900f-a74b56038b04,ec0ee5cf-dc6d-42f3-a230-ae281c9f8d93,2021-12-23T01:05:55Z,,FALSE,FALSE,US,Wisconsin,New Brittany
f7d429c3-b7fc-444e-9156-5903c485e793,baee44c6-72c6-4307-8398-95d09ca2bfe8,2021-11-03T02:28:15Z,,FALSE,FALSE,US,West Virginia,Amberstad
f70645e9-fee2-4510-bf1e-16675b2e7324,bcfeca55-075e-460d-b5df-3eb3906f19e4,2021-10-22T17:46:07Z,,FALSE,FALSE,US,Kentucky,West Michelleborough
ee0df241-231d-4181-b627-89be038bba9c,4e0c8916-d470-4c27-be50-76bdfa169d0b,2021-07-12T00:20:53Z,,FALSE,FALSE,US,New Hampshire,New Cindy
f29e0447-5bc5-4855-8c0e-9f494998c847,d79cce42-ca91-4331-9fcd-463ac1dedd33,2021-07-07T22:53:55Z,,FALSE,FALSE,US,Michigan,Traciside
d096aa8b-7a8f-4902-9ad9-e563b4d5dc9a,531f9dd5-8ecd-4641-8a75-1ea2b267d410,2022-03-26T16:23:48Z,,FALSE,FALSE,US,Ohio,Brianstad
59015862-2418-44f4-9c9e-4264478b567b,f5134f02-cbe2-44d1-807b-bc639ebbcdc3,2021-05-10T11:43:32Z,2021-05-13T00:00:00Z,TRUE,FALSE,US,Wyoming,Port Richard
060fbbef-f794-4d13-90e7-6579087f5b9f,74a895f6-d513-4855-8f36-ad7f90a2cd09,2021-06-30T06:53:55Z,2021-07-06T00:00:00Z,TRUE,FALSE,US,Virginia,Greenbury
45df1d82-689f-4907-a55e-dbcf9526ba39,a7aeebb3-813c-4bb3-8a0b-34a261650cad,2022-04-21T12:21:56Z,2022-05-01T00:00:00Z,TRUE,FALSE,US,California,Reeseton
100ddcf7-80d4-4753-83ee-86e6b6f45efd,3744625e-9456-4da5-a4a1-519c95c9a9a5,2021-11-27T19:52:52Z,2021-12-21T00:00:00Z,TRUE,FALSE,US,New Jersey,Smithburgh
2121a634-95e2-4d80-bae9-41c2de1fd383,2139ff6c-0d4e-467c-848a-55e967bdf127,2021-12-28T02:48:14Z,2022-01-17T00:00:00Z,TRUE,FALSE,US,Maine,Christineland
1a7b6735-d969-44ed-90ed-d1645352058b,328deb02-f40a-43f3-b2fc-0948067d93ad,2021-08-01T15:41:31Z,2021-08-31T00:00:00Z,TRUE,FALSE,US,Hawaii,West Matthew
2c7e9d58-384f-499e-a194-1e8bf524b053,0a288fa8-7c82-4904-8016-d66c7b720232,2021-10-24T00:59:40Z,2021-11-08T00:00:00Z,TRUE,FALSE,US,Maryland,Smithchester
38fa5604-22c4-4c5f-ac16-1bc8c162a7bc,09138d9c-8867-4348-a015-641963242c4a,2021-05-30T02:16:10Z,2021-06-20T00:00:00Z,TRUE,FALSE,US,Nebraska,Port Shirleyport
51112cf2-8278-46ae-adec-1d6d5a8fd54e,cf3ddbfb-00a0-49cc-904d-15abf52f7c75,2021-08-04T05:41:55Z,2021-09-07T00:00:00Z,TRUE,FALSE,US,New Hampshire,Lake Amyfort
11c8171a-0d1c-4d3c-9a3d-68e8f4d199e5,e407588e-48b9-4449-b854-952fa2f6dc30,2021-11-30T00:03:53Z,2022-01-02T00:00:00Z,TRUE,FALSE,US,Vermont,Williamsstad
0d7eeefa-b2b3-4b5c-a49a-8cb5871b8fe0,0190ec8e-3062-40af-be9e-c2b62fa8e81e,2021-06-12T19:35:35Z,2021-06-16T00:00:00Z,TRUE,FALSE,US,Hawaii,Joneschester
2f82d2fe-517d-41b8-ac61-68def861d60a,17ee86bd-4f2b-4d65-babc-aaf9d699484f,2021-06-09T13:37:09Z,2021-07-06T00:00:00Z,TRUE,FALSE,US,Colorado,Lake Zachary
3528e6e4-88de-4cde-86bb-f1cfa49c8a24,5754af30-751d-4406-a2fb-54484c3d7783,2022-03-04T19:30:37Z,2022-04-06T00:00:00Z,TRUE,FALSE,US,Louisiana,Port Timothy
0fcb3e58-e422-43f2-8b88-e3fee88cc15f,3c5c2e4d-d5e1-43e2-9372-9fbc00fda77d,2021-08-07T10:02:04Z,2021-08-16T00:00:00Z,TRUE,FALSE,US,Utah,South Robert
12925d5e-dcea-45ae-8689-660e5dbdb267,7be5c59e-84de-44a5-9601-1dcd0ccc3594,2022-02-11T01:27:24Z,2022-02-19T00:00:00Z,TRUE,FALSE,US,Texas,Frederickport
08177bd5-89a3-4b95-9882-42072465d05f,3237a201-34b7-4c4c-85da-dc2de93583a9,2021-08-16T09:35:35Z,2021-09-12T00:00:00Z,TRUE,FALSE,US,Texas,Rangelmouth
11476356-d568-4f26-9de5-869cd6d37cea,378c6aff-60f6-4270-9631-ee827ad5ee9d,2021-05-14T15:24:40Z,2021-05-31T00:00:00Z,TRUE,FALSE,US,Wyoming,Andersonville
02db7a1f-ae52-4ce8-9e40-aa904e682e6a,b90fe5cd-5237-44ff-b16e-5f686c0512f1,2021-11-14T10:28:21Z,2021-11-27T00:00:00Z,TRUE,FALSE,US,Montana,Lake Paula
4fdc8c61-d35e-4479-87c3-deeefcf6d9fd,fe460fdf-5ec1-43fe-9dd1-389b7b9fe06f,2021-11-07T07:11:29Z,2021-11-13T00:00:00Z,TRUE,FALSE,US,Texas,Melanieville
1a5f6b49-7e3d-48cf-8619-ceefd5c579a1,789a9231-ff5d-477f-ab52-2dc32edb8d39,2021-10-31T06:07:13Z,2021-11-05T00:00:00Z,TRUE,FALSE,US,Michigan,North Pamela
18765826-b6e0-4121-acd2-e84b3d94ac1d,6b53b3a8-1c96-47b2-8ad4-9fd59253009a,2022-03-12T13:20:18Z,2022-04-18T00:00:00Z,TRUE,FALSE,US,Georgia,Port Thomas
42a6ebf3-f65d-480e-94b5-b7507ec49069,df257f79-6557-4e13-b429-a1203599b825,2021-04-28T13:28:58Z,2021-05-31T00:00:00Z,TRUE,FALSE,US,Wyoming,Allenborough
333bf935-57c6-4fdb-9cc6-3d7e9d952eb3,f1f35d5d-4671-4822-8deb-90d4e3305438,2021-07-07T06:16:26Z,2021-07-23T00:00:00Z,TRUE,FALSE,US,Georgia,Aprilland
1ea85436-e79b-464e-be7f-086f5abd7ffe,4ee0086b-ce5d-4205-8cfd-6cdb96c75648,2022-03-13T18:52:46Z,2022-03-16T00:00:00Z,TRUE,FALSE,US,New York,Mollyton
526d4ac5-1058-470c-9997-f9a79742ed0d,9d8c3aa5-b504-4f65-a4e1-1c14866956f5,2021-10-05T21:36:06Z,2021-10-13T00:00:00Z,TRUE,FALSE,US,Alaska,Port Dale
9b62b0fa-e46f-44b2-b079-2dc59c669c10,508dbf17-8006-4999-9022-4447fe03a2eb,2021-05-27T11:14:38Z,2021-06-27T00:00:00Z,TRUE,TRUE,US,West Virginia,Lake Cynthiaport
d448dbba-7a37-4255-873f-162a82325c94,a63bf037-3e04-4862-b978-b6b3a98d5e6f,2021-05-31T00:17:29Z,2021-06-08T00:00:00Z,TRUE,TRUE,US,Massachusetts,Lake David
07a6d41d-ea29-4852-ba72-832b4e640b99,15eccb8f-22f2-435e-a026-7db706f51d2c,2021-11-28T11:43:56Z,2021-12-28T00:00:00Z,TRUE,TRUE,US,New York,New Joseph
64e79e56-0980-48a5-8033-001084434e14,9ea495fb-9134-4c1e-9e16-555d29200d77,2022-04-18T07:18:25Z,2022-04-19T00:00:00Z,TRUE,TRUE,US,North Carolina,West Lindamouth
b5f7e05f-8d17-4b01-b7ba-5f8a3c2acfbe,4e3aff30-f9a8-44bf-9566-9a30ced80635,2021-05-17T14:16:20Z,2021-06-13T00:00:00Z,TRUE,TRUE,US,Indiana,Hubershire
f673e2ef-5575-4583-81c9-8d9f5ba63297,ad321282-5b50-4993-ba7d-7e3272d932af,2022-02-11T19:08:33Z,2022-03-07T00:00:00Z,TRUE,TRUE,US,Hawaii,West Davidstad
a7a9ff64-66d7-4cb0-8699-a262fcb331a0,b2cfc102-81c2-498f-8e63-860ce5fd35b1,2021-07-16T16:13:58Z,2021-08-05T00:00:00Z,TRUE,TRUE,US,Colorado,Bethanymouth
7b50a07d-8c22-4011-9b74-7790357e4c84,78597c79-590a-4896-9e1b-c9ec955d5d87,2022-01-03T10:33:39Z,2022-01-24T00:00:00Z,TRUE,TRUE,US,Minnesota,Tonyaville
cccebdc2-ae39-4362-a037-d660eb18764f,a7122e61-ebe9-4342-9c06-f826881a1cbe,2022-03-21T11:07:40Z,2022-03-22T00:00:00Z,TRUE,TRUE,US,Hawaii,Alexisbury
4fe6598f-60f3-40af-a9aa-eeabc5fbce23,22245c6d-aec3-4eab-b579-897a2526d79d,2021-08-10T23:32:47Z,2021-08-19T00:00:00Z,TRUE,TRUE,US,Maryland,Daniellebury
2309fc58-979b-4701-b03b-2c34052574e4,837826a0-9646-4587-a30d-597c4dd9aad5,2021-10-23T10:09:20Z,2021-11-10T00:00:00Z,TRUE,TRUE,US,Idaho,Isaiahland
8c58af12-9c0a-4cb7-b0b5-9030eaa75dbe,d753a30a-fae1-4a7c-98a1-b2adfba29db3,2021-07-09T04:56:34Z,2021-07-19T00:00:00Z,TRUE,TRUE,US,Wyoming,Stevenside
e763b108-56c2-44e7-a6b4-62937bfaede7,ad490787-b1a8-49b5-9185-0c9982ee695b,2021-12-22T20:23:02Z,2021-12-31T00:00:00Z,TRUE,TRUE,US,Louisiana,Aaronport
e1d22d8f-f881-4faa-9ee1-1aaffc8ad360,774577fc-3d3b-4674-848d-c70c46d580cf,2022-01-29T02:07:23Z,2022-01-30T00:00:00Z,TRUE,TRUE,US,South Carolina,Turnerbury
193f9fd7-a577-49b0-bc4d-05a26b124eb4,a3e8b847-0c9a-44a9-8a25-7e08924f8bcd,2021-09-27T22:36:14Z,2021-10-16T00:00:00Z,TRUE,TRUE,US,New Mexico,South Sharon
2ff6c354-2eaa-4347-aa90-ff1aa468bdcf,f35be5cb-fe1b-4c2f-a2e2-b832b79d015b,2021-07-09T05:09:22Z,2021-07-14T00:00:00Z,TRUE,TRUE,US,Kansas,Donaldtown
1baf4d77-fef3-400a-ac69-19156cbf71bb,491f70cd-5a5d-4213-86d9-1879d183063f,2021-07-27T08:14:59Z,2021-08-15T00:00:00Z,TRUE,TRUE,US,California,Michaelville
d0349076-b37c-4bb4-8a34-a29399993232,080f7b05-50a7-4e5c-a809-49b36c578a10,2021-07-08T12:46:01Z,2021-07-28T00:00:00Z,TRUE,TRUE,US,Maryland,Kingport
07fb0d04-d3c0-4ebe-92c8-967a0e939797,563e1d2c-51bc-42e5-af20-1a0043c6cd43,2021-07-27T12:04:46Z,2021-08-11T00:00:00Z,TRUE,TRUE,US,Delaware,South Nicolebury
3364b53b-83b1-4007-a71e-fd2ba9aa5a09,55c5eea2-a6fe-402c-837d-346871932bbd,2021-04-27T16:10:57Z,2021-05-27T00:00:00Z,TRUE,TRUE,US,Ohio,South Gregory
6bab1821-6303-46f9-a55b-c34ee129b14f,0482feb5-339c-4e1b-aaee-d7bfcf6d131c,2021-09-01T17:08:16Z,2021-09-18T00:00:00Z,TRUE,TRUE,US,New Jersey,Lake Robert
3a880b17-76fa-45e5-9326-c41c9d7e5980,90a2f06e-50a3-43f0-83d0-3c212bb376ff,2021-05-09T03:39:04Z,2021-06-03T00:00:00Z,TRUE,TRUE,US,Iowa,Taylorland
a7fb9d10-638a-491c-98cd-33e3a9fd1ba9,8d6397a5-b500-4e52-86c1-cd0bc97c0cd9,2021-10-01T03:43:49Z,2021-10-07T00:00:00Z,TRUE,TRUE,US,Arizona,New Jacquelineton
02f0f135-5014-415f-adae-9d9603f8347d,cc330095-efc0-4269-a787-4f3440231b52,2022-01-07T23:05:26Z,2022-02-08T00:00:00Z,TRUE,TRUE,US,Vermont,North Desiree
96542816-63f0-4a13-9da7-d9cad4d19c18,9db2ff71-16f9-4b98-b8bc-63af63874f31,2021-06-12T07:10:18Z,2021-06-19T00:00:00Z,TRUE,TRUE,US,Hawaii,Jesseside
aa8ea03d-d864-4033-8ac1-eb1b6da85021,41b986b6-5768-4a9e-b261-dc08c5432c9a,2021-06-12T11:46:13Z,2021-06-14T00:00:00Z,TRUE,TRUE,US,Maryland,New Nicole
f13fff81-aad1-4cb5-b32f-740d14f66566,a84930a5-63ab-4d3a-a35c-280079dbcfc1,2021-05-27T09:02:56Z,2021-06-05T00:00:00Z,TRUE,TRUE,US,Missouri,Joelfort
a92a1419-9828-4e65-a6ea-e662b79eb230,ea4292bd-30f2-4fc4-94cc-9235c1d2db8f,2021-05-29T23:23:58Z,2021-06-22T00:00:00Z,TRUE,TRUE,US,Pennsylvania,Gallaghershire
03155873-9084-4b36-9831-43eb4f63e7d8,48110f46-b53f-4ceb-aefd-047880684956,2021-08-19T12:37:02Z,2021-09-23T00:00:00Z,TRUE,TRUE,US,Alabama,Port Jacobton
035561c3-f419-4397-8b74-890e326326c9,15a016a1-0526-4248-8ccc-b13938281068,2021-05-24T15:42:39Z,2021-06-27T00:00:00Z,TRUE,TRUE,US,Montana,East Jordanport
56b87c04-c47c-4afe-9445-422efccc5c66,539f4927-e5f6-47c1-ba86-53a3666d94a2,2022-01-06T19:33:01Z,2022-01-17T00:00:00Z,TRUE,TRUE,US,New York,East Jenniferburgh
f71f6f87-27dc-441f-a5e7-51db7668a37a,d675cc7a-6f57-4e0d-a7bf-d66171fb1085,2021-10-21T00:23:09Z,2021-11-07T00:00:00Z,TRUE,TRUE,US,New Jersey,Delgadoview
0b48ee4c-9a3b-4ac8-94d1-656a4cd24c0a,984f2306-f013-4e4e-a9c0-e5e2f6a7816e,2021-11-16T03:41:14Z,2021-12-22T00:00:00Z,TRUE,TRUE,US,New York,New Anthonybury
5b7d9bdb-f722-4724-bd2e-64390ba8a972,0d47ccc8-0141-497f-bc2b-ac176e9192bf,2021-10-29T11:02:03Z,2021-11-11T00:00:00Z,TRUE,TRUE,US,Louisiana,New Calvinfort
bc2a7c46-09eb-4b1c-bb76-847aa5466376,0ebd50c1-2885-45e2-8a08-5b310bd9628f,2021-05-12T06:26:42Z,2021-05-17T00:00:00Z,TRUE,TRUE,US,Arkansas,Phillipsmouth
73cc6c47-59fa-4fa1-a36f-d8ff2271683e,cef56183-3915-4054-9e92-de8226c39fc8,2021-05-25T04:04:39Z,2021-06-16T00:00:00Z,TRUE,TRUE,US,Alaska,New Donaldfort
85cc87d5-8f1e-4327-843b-dc18de3980c3,21357fea-b535-47c6-94b6-8202c0406019,2022-04-11T10:58:21Z,2022-04-29T00:00:00Z,TRUE,TRUE,US,South Dakota,Ochoashire
5746a7e4-b5f1-4522-a1b5-fc43a17bbcf0,af224c96-fa76-4451-b92c-2b85ca9415b8,2021-12-05T01:42:31Z,2021-12-27T00:00:00Z,TRUE,TRUE,US,Pennsylvania,East Lauren
9b825925-3f10-4aab-8014-edba14787158,62f7a3b9-1089-472a-b093-a690f37d6a60,2021-09-02T20:50:07Z,2021-09-21T00:00:00Z,TRUE,TRUE,US,Missouri,Lake Samanthaborough
1a5f199a-3538-4944-96c4-a3ebcddc717a,b55b99c6-485a-4d9b-8bde-9e27d0f53fa0,2022-03-13T07:11:16Z,2022-04-18T00:00:00Z,TRUE,TRUE,US,Oklahoma,Hicksmouth
9456ba5e-3987-4919-b885-6d769388137a,7f6fd9f0-d22f-48ef-b99d-3c908b92f811,2021-05-30T15:58:46Z,2021-06-26T00:00:00Z,TRUE,TRUE,US,Florida,East Jessica
1ce7490b-4faa-4c7f-9271-aea3781d6e33,39125010-870c-4016-bb13-052477bcf8da,2022-02-10T13:53:07Z,2022-02-12T00:00:00Z,TRUE,TRUE,US,Iowa,Laurenshire
34e65c1b-d31f-4fa7-8ccd-9880fbcf4815,97886fb8-8ac4-4389-891a-7489d452d2b6,2022-03-17T23:08:31Z,2022-03-18T00:00:00Z,TRUE,TRUE,US,Texas,Lake Kimberly
25b70e55-498f-4724-be23-2c8f88faf60d,0e955bc3-01cc-474a-9bbb-d1a3527b41db,2021-04-28T06:10:27Z,2021-06-01T00:00:00Z,TRUE,TRUE,US,Massachusetts,Mahoneyport
5c17709a-fc68-4a1c-89f5-f1c6b9027420,f39f82d8-8488-4a71-9b59-42f9c424e16d,2022-03-11T07:41:30Z,2022-04-15T00:00:00Z,TRUE,TRUE,US,California,Cummingsview
015aa0b6-1aab-473d-a2ff-695c3da7c24c,acd64573-28b7-42e7-a762-966a3e434d4d,2021-12-25T13:57:34Z,2022-01-05T00:00:00Z,TRUE,TRUE,US,West Virginia,Lake Ryan
3fab7f8e-f2d8-4fe9-b7c3-5e4fca2b7bda,5b33ff00-a012-4340-90d6-e9db7a40b8fa,2021-12-16T21:14:18Z,2022-01-16T00:00:00Z,TRUE,TRUE,US,Alaska,North Evan
19f54e3d-3d01-4620-939d-ada7c8382756,01542d78-ded7-4ff5-bc7c-e98c001074a9,2022-03-24T20:39:04Z,2022-04-04T00:00:00Z,TRUE,TRUE,US,Maine,Toddfurt
d475a137-c1b5-4cd6-ac19-5be2bec9eb1b,5bfe893b-0760-4d40-9321-b473690661bc,2021-09-04T06:43:57Z,2021-09-15T00:00:00Z,TRUE,TRUE,US,Connecticut,Lake Sethton
938a15bc-e1af-4719-80ee-449d34bee7c1,bd5b3bae-a34a-457e-a903-c4ee40752aa3,2021-11-13T17:18:26Z,2021-11-27T00:00:00Z,TRUE,TRUE,US,Arkansas,Aprilview
440ee053-9e4f-4a0a-a6e9-79789b4752b1,f885a510-e1d8-4e50-8716-d9f9a01aaf05,2021-10-11T11:41:04Z,2021-10-19T00:00:00Z,TRUE,TRUE,US,Georgia,Tanyaville
1a63ef56-7a1d-4997-b2a6-106e8552a423,4186b05f-391b-4d35-a35e-ccbc5747c1c2,2021-08-11T15:45:58Z,2021-08-21T00:00:00Z,TRUE,TRUE,US,Tennessee,North Jesusstad
6ee5b0b5-89ac-41ec-96d5-a4ccf304d729,e0c24b8b-8f1d-49d1-8162-a56ba850dd69,2021-05-28T18:38:24Z,2021-06-09T00:00:00Z,TRUE,TRUE,US,Georgia,Heatherside
3481f438-8a30-4884-a02a-e675633e605a,c908a850-3b40-4673-aeb2-83501f248616,2022-01-18T06:47:18Z,2022-02-21T00:00:00Z,TRUE,TRUE,US,Nebraska,Campbellstad
a2b20fa6-fac0-4494-ba3e-1115e4ee1f39,1fe6394e-1b3e-487f-92e5-70742b8f0c81,2021-05-08T02:40:36Z,2021-06-11T00:00:00Z,TRUE,TRUE,US,Pennsylvania,West Matthewbury
b3c7403b-498f-4833-8034-388d7b0616c1,6a8374d7-6c40-420f-9c15-6277f1901aea,2021-11-18T10:05:49Z,2021-11-29T00:00:00Z,TRUE,TRUE,US,Wyoming,North Rachelchester
0f0ecf86-2d3b-4be2-a43a-8c387022e754,6ffa09f9-057b-413c-b5eb-d56b3c217212,2021-08-07T22:46:30Z,2021-08-09T00:00:00Z,TRUE,TRUE,US,California,Duranfort
554173e5-fce0-4788-8b74-0b2e9a755ea2,5236fcae-9df5-4f0d-ba3f-939484c5f8ac,2021-06-15T04:37:07Z,2021-06-22T00:00:00Z,TRUE,TRUE,US,Maine,Angelaville
f001a03b-89b0-4dad-a500-8911e9e52ff9,a33ea860-0152-4011-9fea-6b2d3d25c08e,2021-11-10T00:51:50Z,2021-12-04T00:00:00Z,TRUE,TRUE,US,Oklahoma,East Gerald
c908037d-5a98-4e53-92bc-cdbd4df5f698,309c65da-4b1a-487e-a839-8815906842e4,2021-07-17T22:34:33Z,2021-07-28T00:00:00Z,TRUE,TRUE,US,Michigan,Georgeville
ed7c0c31-0340-4d7a-98a2-c2dc9f8dacd8,f74d1c7f-a2cb-4810-9e21-b0a275ef9478,2021-05-13T13:36:22Z,2021-05-19T00:00:00Z,TRUE,TRUE,US,Idaho,Lake Kim
bba5f5d5-e3fc-44df-a248-c72be2ac4648,0511d8e2-7f8c-460a-a09b-357dd1f652a5,2021-12-18T16:31:49Z,2021-12-24T00:00:00Z,TRUE,TRUE,US,Minnesota,West Kathyburgh
fb8c7908-dcf5-437a-a99c-c23e4b632ee6,1716072b-9821-4088-9f96-3935fa5b0317,2021-11-16T04:04:45Z,2021-11-25T00:00:00Z,TRUE,TRUE,US,Wisconsin,South Samuelhaven
985d1e2f-ec5d-4ecd-b9df-08afe95b9924,bad16d08-5a74-4cef-ae66-8a17ec3e112e,2021-08-22T10:29:21Z,2021-09-19T00:00:00Z,TRUE,TRUE,US,Vermont,Lake Frederick
58064c6b-f3b8-455a-b8a5-673e44d71976,23e16290-0f7e-4826-aa72-8db27e169447,2021-12-27T07:32:49Z,2022-01-15T00:00:00Z,TRUE,TRUE,US,Virginia,Marktown
0068c302-03ee-43cf-b648-1ad6b71f45e6,0690af55-ebf2-4dc2-8e7c-ace3bdfe4a97,2021-05-11T14:48:27Z,2021-05-20T00:00:00Z,TRUE,TRUE,US,Minnesota,Ryanberg
1412abfa-46fe-4e46-8de3-60fdb995297e,81eeb9b5-823e-4873-b50d-1080775a5e23,2022-01-03T06:50:36Z,2022-02-02T00:00:00Z,TRUE,TRUE,US,Delaware,South Angela
85d11a14-b535-43ce-9e2a-1906fbc18cf1,2c9565b4-2f58-4e20-839b-f9a2374c89be,2021-07-11T07:08:58Z,2021-08-14T00:00:00Z,TRUE,TRUE,US,Delaware,East Loristad
91ac95e2-325b-44a8-935c-40cebd1faaa3,b690a5bb-27f5-40d2-9f9e-3244a7088449,2022-01-22T14:49:11Z,2022-02-03T00:00:00Z,TRUE,TRUE,US,South Dakota,Cuevasmouth
d0af1232-0626-4a80-b8c4-ff58d50641d0,83782a39-b756-4a27-a839-f1114df86e34,2022-02-26T07:46:40Z,2022-03-18T00:00:00Z,TRUE,TRUE,US,West Virginia,West Mirandashire
fd6f10bc-4f7c-4321-81ff-e5583a8ff466,757014b9-62cd-4e45-80b5-2215aa576bea,2021-06-10T03:30:41Z,2021-06-14T00:00:00Z,TRUE,TRUE,US,Arkansas,Brewerport
76d64624-bc74-4281-b0da-13d5d1506e29,9c7ab607-c571-474b-8a5d-153036e284eb,2021-10-17T09:34:31Z,2021-11-23T00:00:00Z,TRUE,TRUE,US,Hawaii,Jenniferborough
afb05373-4b20-4f25-940b-52d71b9afa6d,340e0a5c-57ea-45c4-aef3-caf5c8fe1434,2021-12-21T15:50:13Z,2022-01-21T00:00:00Z,TRUE,TRUE,US,Tennessee,East Heather
8f11067f-348f-484e-aabc-e25ba5a367e4,c99c5fe8-adfe-4e8f-911c-64347cfb2fd7,2022-03-21T04:12:59Z,2022-03-22T00:00:00Z,TRUE,TRUE,US,Wyoming,West Erinstad
e2fd8b6c-d0e1-48ce-8334-be834cc4466d,e9b227b7-0478-4ec6-9d6d-db3313cca09a,2022-03-20T11:42:05Z,2022-04-23T00:00:00Z,TRUE,TRUE,US,Alabama,North Stephanieport
95488bef-6f81-4ac3-9529-4969b1f07822,a21ae15b-a5fb-4118-bcc3-c3436e628be7,2022-03-17T04:10:07Z,2022-04-10T00:00:00Z,TRUE,TRUE,US,New Hampshire,South Bryan
3e21d423-e298-4d4f-a559-0d9e6bf11553,f6abd591-8890-4543-acf9-f72e4f2f2747,2022-02-26T20:04:44Z,2022-03-23T00:00:00Z,TRUE,TRUE,US,Wisconsin,East Natalie
b3dd3c91-6f92-4f58-9cc7-9e80becaa0c6,feb35b81-d840-4fdd-80cd-2f157751902a,2021-08-30T20:29:23Z,2021-10-02T00:00:00Z,TRUE,TRUE,US,North Dakota,Lake Christine
ecc8804e-d247-4458-b030-8d9f074f3daa,4666cdc7-8b98-459e-a829-a168f4302275,2022-03-06T09:55:03Z,2022-03-12T00:00:00Z,TRUE,TRUE,US,South Dakota,Smithshire
89385a52-9839-443b-aab7-b52d480aadfd,5642ac62-e903-4229-9b79-bd760feaa131,2022-03-28T17:22:51Z,2022-04-29T00:00:00Z,TRUE,TRUE,US,North Carolina,Davidborough
2c3688aa-5663-49e1-b9ef-793fb9041da8,13816bb3-3093-4569-968d-237e80dcd56a,2021-10-10T14:09:58Z,2021-11-13T00:00:00Z,TRUE,TRUE,US,Louisiana,Josephmouth
b7ad95b1-a0ba-4d3e-9218-b2a5d0b46d7e,628f2401-bb99-467a-9841-dd8348ac6f5d,2021-11-26T02:19:50Z,2021-12-03T00:00:00Z,TRUE,TRUE,US,Washington,Charlesburgh
a4a6e3c4-5b80-4dae-b514-22b487838964,f12c763b-9802-4ae4-81a2-7901215921a1,2021-09-04T13:30:57Z,2021-09-08T00:00:00Z,TRUE,TRUE,US,Maine,Andersonshire
d2445ba3-a25f-4c8f-b0a7-a38c0d527f3f,2d3c1384-6281-4267-8c06-7b222aa5a79b,2021-12-11T11:37:48Z,2021-12-30T00:00:00Z,TRUE,TRUE,US,Wyoming,Chasefurt
bf8a9a56-9047-4fb3-afd6-c497613f023e,9f490eca-ce64-45fa-b9ca-57a7db8a0254,2022-01-24T21:23:21Z,2022-02-08T00:00:00Z,TRUE,TRUE,US,Alabama,North Michael
cd80fbbc-f613-4500-89c9-25a30a34068c,2222bb45-5336-48a6-99ff-8cf360318c3e,2021-09-19T19:37:55Z,2021-09-20T00:00:00Z,TRUE,TRUE,US,Mississippi,West Ianhaven
8c3a819d-60bf-49af-82e9-006a4b330d50,f7b52afa-f155-4d4f-8f90-f950b2a9c67a,2022-01-02T03:29:19Z,2022-02-02T00:00:00Z,TRUE,TRUE,US,Washington,Joneschester
3d0aecdb-69b7-420a-91a4-0254ca2f593f,9b77864e-00ea-4525-9469-15e1ee4b3d68,2022-04-03T18:42:07Z,2022-04-19T00:00:00Z,TRUE,TRUE,US,South Carolina,Trujilloview
07ff2019-f09f-4f72-b931-8058355016d6,23be6247-5789-4242-9d03-6d04f3a2fe83,2021-08-19T10:24:55Z,2021-08-26T00:00:00Z,TRUE,TRUE,US,Arizona,Franklinview
6b5e6e97-ead4-465b-9c43-c156183528c8,8087af83-b22c-43ef-a7b3-469cf187fd30,2022-03-13T09:00:26Z,2022-03-30T00:00:00Z,TRUE,TRUE,US,Nevada,West Melissa
024727ad-e53b-4a06-a3a6-d5f3b946d1b7,10996b05-5bc7-4e87-8333-9c14d0027e58,2021-10-24T12:48:52Z,2021-11-05T00:00:00Z,TRUE,TRUE,US,South Carolina,Dudleyshire
8a79ee93-4b00-485d-b9d0-b3fb06abdc90,c8a8d0aa-5cc7-4813-bb08-d1dcb16b359e,2021-09-29T20:26:53Z,2021-11-05T00:00:00Z,TRUE,TRUE,US,Tennessee,Turnermouth
78a05e7b-7154-40bd-a351-b1fa1149ee82,5895d26a-e3c7-4bc5-b089-51eedf03a0e6,2021-07-02T17:34:04Z,2021-07-15T00:00:00Z,TRUE,TRUE,US,Wyoming,East Brandonland
a1d5fbb3-7864-4eb8-bf04-a55c08427052,b3cfd3a6-bf24-4b12-aba7-0046e326430a,2021-10-03T16:10:46Z,2021-10-21T00:00:00Z,TRUE,TRUE,US,Rhode Island,East Stevenburgh
ebfa5cf6-ad04-411c-bebc-080b18f64302,61edf2cb-6c0e-4b12-a9d7-53d51270bff8,2021-10-24T17:41:36Z,2021-10-25T00:00:00Z,TRUE,TRUE,US,Florida,Port Peterhaven
6f71b467-94d6-443e-8811-7ce6c468df24,405b17a0-15d9-46eb-bfc1-668db24c8c42,2021-11-16T14:25:04Z,2021-11-27T00:00:00Z,TRUE,TRUE,US,California,Phillipfort
44fc8aee-1744-44d0-b3b1-a3032c3cb6ed,2384cc70-9392-4f12-8540-6ec58ef0160b,2021-07-26T20:34:42Z,2021-08-08T00:00:00Z,TRUE,TRUE,US,Florida,Loveburgh
0ac587ae-e543-4dd3-bcc5-2089baa6e54c,70944d40-2599-4f77-bf82-146e42b19dfb,2021-10-26T06:04:45Z,2021-11-04T00:00:00Z,TRUE,TRUE,US,South Carolina,Port Margarethaven
5dcb2756-92a2-457b-ab97-dc385bcdca51,ce6be5cf-1e6b-4596-9d6d-81339d970029,2022-01-31T07:02:19Z,2022-02-07T00:00:00Z,TRUE,TRUE,US,North Dakota,East Jennifer
ab2efaee-01d3-47fd-b546-d8727f960de6,a318e3fa-2c0e-49e7-b824-b940dc5f6dec,2021-10-12T20:12:28Z,2021-10-25T00:00:00Z,TRUE,TRUE,US,Michigan,Lake Zacharyfurt
99fdfbf5-26ea-448a-ab31-12164e1d5fdc,8e681401-775d-4c19-b3a6-9ca5325eb1ac,2022-02-24T09:24:20Z,2022-03-12T00:00:00Z,TRUE,TRUE,US,Kansas,New Sarah
3ca096ba-4b3f-492a-9023-ec6893aa9496,4adbe3cb-b25d-4b0f-b478-08578e6f1cce,2021-10-28T20:40:00Z,2021-11-10T00:00:00Z,TRUE,TRUE,US,New York,South Matthewbury
167333ef-c2c3-4a6e-93be-40757c887822,360c94da-c027-4373-8848-c7adb7d6809d,2021-07-11T19:52:54Z,2021-07-15T00:00:00Z,TRUE,TRUE,US,Arkansas,Parkshaven
b15eaf0a-f999-4fb6-afde-017c04fe5d97,87d06ffe-4713-41e2-9dc1-18edff55b079,2021-07-25T17:56:42Z,2021-08-23T00:00:00Z,TRUE,TRUE,US,Oregon,New Jennifer
d26d32a8-0556-49bb-a177-5b70df8dade9,41b81518-7e60-43a9-8aad-48e73e5097ba,2022-01-16T07:11:52Z,2022-01-18T00:00:00Z,TRUE,TRUE,US,Indiana,Myersland
be8f1f2f-2101-4d6b-9e99-3f7b8acf0663,673aee63-7544-488b-812a-97516a8e7eb9,2021-10-25T12:34:05Z,2021-10-30T00:00:00Z,TRUE,TRUE,US,Alabama,Rodriguezburgh
10e4fedd-45b9-4f27-ad0c-f7892f96229e,56cea5b4-a848-4fec-a64d-96549cae3714,2021-11-05T06:23:49Z,2021-11-09T00:00:00Z,TRUE,TRUE,US,Hawaii,South Justinport
cb7237f7-c3dc-4c05-89d3-42a143dd03be,6b6fe7d4-1fc8-4680-a5db-91d483df3de6,2022-04-09T07:37:06Z,2022-04-24T00:00:00Z,TRUE,TRUE,US,Delaware,New Daniel
b12ab21d-fc35-4b2a-aa6e-bdade827bb57,fa235b1a-c6c1-4608-bdbf-882d2c298fd9,2021-09-05T21:53:59Z,2021-09-17T00:00:00Z,TRUE,TRUE,US,Pennsylvania,Hamiltonside
d944c385-4b72-4ac8-8677-16b7dbb94681,77de85f6-cb9f-4be9-b1eb-a09e5515682c,2022-02-10T18:02:20Z,2022-03-12T00:00:00Z,TRUE,TRUE,US,New York,Port Richardtown
16458d16-7e1c-40ce-abf6-661f459fa278,784e5ea2-dea0-412f-b31b-7678d65c480c,2021-06-23T08:50:02Z,2021-06-28T00:00:00Z,TRUE,TRUE,US,Oklahoma,East Amandahaven
44e61bfb-5030-4ec9-b8b3-405b6642ad5f,9571d11e-990c-4053-b99b-2775ffc57cff,2021-07-19T20:21:42Z,2021-08-17T00:00:00Z,TRUE,TRUE,US,Texas,Lake Ericaview
a14de5a7-a63b-487e-a0ba-953435280988,4e8544a4-c4fc-4cbd-9440-c5c7616bbd9b,2022-02-15T01:45:26Z,2022-02-22T00:00:00Z,TRUE,TRUE,US,Nebraska,Elliston
bf2d26dd-e22f-4b43-9c40-8cb79b2bfa3e,feebfa2d-da40-4fba-a84d-fa3ab8d88d4c,2022-01-12T08:27:39Z,2022-01-29T00:00:00Z,TRUE,TRUE,US,Kansas,Alvarezhaven
69fe9189-e2a4-4e05-9342-ed2115376290,d542c783-ac56-486e-b896-740d4d8cc1a7,2022-02-13T06:30:32Z,2022-03-08T00:00:00Z,TRUE,TRUE,US,Minnesota,Lake Stephaniefort
a0f04f2a-8c53-4c2c-88fc-48077de54633,50edd306-8d8b-4eb9-9c8d-41a788abdee5,2021-12-03T15:20:23Z,2021-12-15T00:00:00Z,TRUE,TRUE,US,Mississippi,Port Katie
bc932303-a2b8-40ac-be6a-974537cb3955,e741dba1-008e-4d1f-88ea-54bfcfb03b8e,2021-08-03T02:39:14Z,2021-09-05T00:00:00Z,TRUE,TRUE,US,New Jersey,Brucestad
3af913d2-a4e9-4809-9787-fd4cce32537d,02f844b5-fbf4-47a3-9f21-a1c21b75745b,2021-09-01T15:06:48Z,2021-09-30T00:00:00Z,TRUE,TRUE,US,Oklahoma,New Bethhaven
45dab685-5293-467d-9d6d-1133b1694191,c6730e61-e9f5-4d5a-ba80-e1204f815e4c,2022-03-05T07:12:13Z,2022-03-23T00:00:00Z,TRUE,TRUE,US,Oklahoma,Port Travisberg
7736c96e-b143-49df-ae60-df0edc8c6fa2,8dcfbfec-1667-4c8a-bd67-a037a50e7fba,2021-11-19T14:02:10Z,2021-12-01T00:00:00Z,TRUE,TRUE,US,Kentucky,Taylorview
1f99f69e-63a0-4c86-bf59-ef1772e0bde7,fd835b51-a54a-426a-958f-af7d37ffe725,2021-12-02T15:19:32Z,2021-12-31T00:00:00Z,TRUE,TRUE,US,Ohio,West Kayla
63b5a322-f930-44cf-8966-2e585a7c3ce3,09008f23-bf72-44de-84e2-341d685e053d,2021-07-11T09:36:09Z,2021-08-14T00:00:00Z,TRUE,TRUE,US,Pennsylvania,Richardtown
6c1e7000-fd84-494c-b724-c7e0c5d4e45f,fd2eefcd-a1d2-4471-8f76-c06bf96d9367,2021-06-07T02:18:44Z,2021-06-18T00:00:00Z,TRUE,TRUE,US,Idaho,Lake Melissa
959afa3f-0079-4d81-9f31-6d9af0fda7ed,c701efbd-9f34-499f-92ca-38ce2e54f62c,2021-06-22T22:23:12Z,2021-07-10T00:00:00Z,TRUE,TRUE,US,Kentucky,West Samuel
7f70e324-e34f-4b3d-ad33-a1ffd0c478a0,255611dc-7e24-49ff-bf49-7f27b57341c7,2022-04-11T23:08:19Z,2022-05-08T00:00:00Z,TRUE,TRUE,US,Wyoming,Lake Melissaburgh
0e1aa943-2ef6-47ef-9f59-01a73287d312,787e2b4b-277a-4037-a90c-b75820d42361,2021-06-05T14:38:09Z,2021-07-12T00:00:00Z,TRUE,TRUE,US,North Dakota,New Crystal
4183232d-b6a7-45ea-b7b0-4e08c304f2d5,050f700a-06c2-45fb-b023-b2e43d95b42b,2022-04-09T17:55:39Z,2022-05-01T00:00:00Z,TRUE,TRUE,US,Utah,Port William
6b109a9f-6d7f-4cf3-8f89-49d6b51853ea,80b74192-b8c0-4fb2-9ebd-8372b8ff04f7,2021-08-10T09:10:46Z,2021-08-21T00:00:00Z,TRUE,TRUE,US,Nebraska,New Lydia
3200520b-2cb0-4b81-8990-c9f44cdbdff4,5f96259a-6664-40e2-8469-f553a457a0d2,2021-06-11T19:46:41Z,2021-07-07T00:00:00Z,TRUE,TRUE,US,Massachusetts,New Bridget
ab8730b6-ff75-48e9-a0ec-167ddd81aed3,c53e8ef0-0654-422b-866a-81a774d874ea,2021-12-29T22:09:00Z,2022-01-24T00:00:00Z,TRUE,TRUE,US,Alaska,Danielleland
98e6e7d8-41d2-4feb-855b-742c4eef0246,27e2c538-3c08-4c31-8782-b17bc86b2961,2021-07-18T03:10:25Z,2021-08-07T00:00:00Z,TRUE,TRUE,US,Maine,New Davidville
2aad26ad-17a6-458f-aab4-8cd4cbdc6d0e,51120ccb-adae-4686-8a54-a40b6af2fa53,2021-05-13T10:44:39Z,2021-06-01T00:00:00Z,TRUE,TRUE,US,Kansas,Smithmouth
30a45fbc-43bc-4299-9dce-d6348744f531,2f222d2d-fc3d-41c3-b541-862f093deea8,2022-01-08T23:51:08Z,2022-01-24T00:00:00Z,TRUE,TRUE,US,Oregon,Lindaville
8618a9b5-f934-430c-8a1b-8e7e0f73b85b,6228206b-bbe5-4ac6-8b89-4662492ac741,2022-01-03T05:37:23Z,2022-01-30T00:00:00Z,TRUE,TRUE,US,Colorado,New Carolinestad
7f90f338-19ad-40e7-bd0d-d066b4a0a4ac,4200459e-686e-40c9-961a-eae297a6ae33,2021-08-29T17:42:41Z,2021-10-01T00:00:00Z,TRUE,TRUE,US,Georgia,Port Nicholas
5fc86f19-7f9b-4dc6-aa95-b7814d17311b,98549129-442b-4d4c-a211-c092665530f7,2021-10-28T11:16:48Z,2021-11-05T00:00:00Z,TRUE,TRUE,US,West Virginia,East Stephenview
3fd53e2e-abba-46af-87d4-4f5a0d4130b9,d6e5b4f4-0117-42f2-9a4a-72ed0d650035,2021-09-02T23:49:51Z,2021-09-12T00:00:00Z,TRUE,TRUE,US,Montana,East Cheryl
0aad75e8-e051-4bf8-9920-0ccc1700ce4c,ef80b04b-3959-4b58-b732-e80020266093,2021-12-26T09:13:22Z,2022-01-21T00:00:00Z,TRUE,TRUE,US,Minnesota,New Kylemouth
038af03d-cbd4-4649-af15-ed033b798a69,6d269dd9-f23a-425f-8211-2467ee6da62c,2022-02-22T20:47:17Z,2022-03-26T00:00:00Z,TRUE,TRUE,US,Wisconsin,East Marcuschester
223db3f0-7df1-455c-a58d-c9a185f8a9ae,827e3ee7-1501-4264-8c91-c6bbbb31afe1,2022-04-05T17:50:46Z,2022-04-25T00:00:00Z,TRUE,TRUE,US,Colorado,Royberg
6d8ee3f3-20e5-475a-89bb-c4b47543752e,3cefcf6c-4f01-468f-9667-cde140374703,2021-09-27T02:13:17Z,2021-11-03T00:00:00Z,TRUE,TRUE,US,Maine,Rachelton
fb0d8264-d6db-46a5-b304-82c0d0b31408,43b5bef6-8584-4e15-a082-aac4d1525222,2021-06-19T22:48:03Z,2021-06-20T00:00:00Z,TRUE,TRUE,US,Hawaii,Walkerbury
3adccae6-a621-4839-9b68-4d48331d093d,f4052137-b8cf-4c32-a819-49bb8877e25d,2021-10-16T06:29:56Z,2021-10-18T00:00:00Z,TRUE,TRUE,US,Ohio,Mullinsborough
