id,company,primary_contact_id,country,state,city,industry,fleet_size
3bedfbff-aa78-4de7-b44b-25a000a1e3a6,Yang-Romero,7a07f031-af10-4d6b-ad01-438e7471a214,US,New Jersey,West Terry,"Energy, Utilities & Mining",>1000
d496b628-c03c-4405-8844-8fcfa0576c7f,"Price, Rodriguez and Morton",8366a941-b487-4ac5-9f40-01cca27bc14f,US,Idaho,Millsside,Education,<15
3deda926-5e29-49c1-8571-9adcb0585bcb,Robertson and Sons,fc4c4e9c-052c-4eb5-ab1c-1d62d0b3b853,US,Alaska,Rhondachester,"Retail, Wholesale & Manufacturing",100-499
7aa64fd8-56de-4971-b5af-a4324630418a,Hickman Inc,86415932-5cad-4c42-ba38-977de02cf5a7,US,Virginia,West Susanland,Other,>1000
a09c1f08-5dfa-4aad-a7d2-77b7330bceb1,Anderson-Chapman,f680c379-cb0f-4bac-a9b7-486c18dd7905,US,New Mexico,Port Sarahfurt,Other,100-499
75c07fc1-b9cd-4af5-a392-d3fc4245f316,Schwartz LLC,b239fab5-a7bf-4915-8e02-0619c3152120,US,Hawaii,Port Karenview,Rental & Leasing,15-99
6086d7e5-7ba6-45ac-8da6-bdc691f6cbdf,"Johnson, Young and Cruz",b063cea5-2db4-48cc-bfd4-5303f8ae05e1,US,Wisconsin,Emilyhaven,Information & Telecommunications,500-999
a63cb611-2414-47ce-a9b2-41135d813ff7,"Robinson, Kirk and Cooper",ab678650-fd03-4223-97bf-83da54dd43a8,US,Vermont,Oconnellborough,Government,100-499
98c6520b-2e3a-4032-8973-11b757530fd7,"Ford, Berry and Smith",581bd86b-cab0-498e-a3dd-8838a177f3d4,US,New York,Port Michaelside,"Energy, Utilities & Mining",15-99
9ab582ec-f45a-46f4-b133-96291ab2e8e1,"Myers, Martin and Gross",ccf4c3e0-db23-4f14-8d1a-dfa63d2efceb,US,Oregon,Lake Jose,Consumer/Business Services,>1000
bc65a456-6f1b-4a17-9b61-dbf58cbe548f,Harrison PLC,b27329a7-9811-4faf-8da3-ac68e7e86fa7,US,Oklahoma,East Julian,"Retail, Wholesale & Manufacturing",15-99
334dc4dd-99aa-49ea-acff-95ff7e32113b,"Huerta, Rich and Sullivan",dc9603e7-9cfa-4fa7-9f6c-002b10319034,US,New Mexico,Mannfurt,Other,>1000
39e3f40e-c712-470a-af45-e32c02735187,Martinez-Small,04d85326-2660-4ab8-8d20-fb5cf494816c,US,Delaware,Jeremiahview,Information & Telecommunications,>1000
f6604a7f-eef6-409e-ab1d-6643d4cc150c,Olson Ltd,2345f3b6-e3e7-407b-8b49-5fca5b850a6b,US,Illinois,Kellyside,Education,>1000
2dabb9e5-1b42-4122-a021-8851ded95c4b,Rodriguez-Scott,5d1e1c11-f08f-4d25-bff7-0a6d9c0d315a,US,Utah,Toddmouth,Education,500-999
7570af0a-da86-4c36-b6c9-c63b155c12fe,Miller-Peterson,c362605c-0284-4da8-91c1-ce1fe788e868,US,Utah,North Maria,Rental & Leasing,15-99
b71d23ce-815b-409e-b4f0-2884feb34eb5,Orr Inc,f2d39ded-d321-45b5-bb0e-646bdc5e3fdd,US,Pennsylvania,Gonzalezfurt,Information & Telecommunications,<15
a497b8f1-fe95-4e5b-a1d6-a95179625c33,"Fields, Wells and Diaz",73ec452a-c575-4315-986b-4fabe9e239d1,US,South Dakota,South Madison,Education,500-999
0cde21b8-3073-44fb-bd3e-3fae17d7607c,"Henderson, Moore and Williams",5f6b98ff-682e-4c56-b9c2-fe24297f1375,US,Kentucky,Christopherberg,"Retail, Wholesale & Manufacturing",>1000
fcd7aaf4-c6c5-43d2-887b-25642c8505f4,"Sanders, Martinez and Cross",4d103cd5-10aa-4be1-bfc3-b319df73c668,US,Montana,Jacobfort,"Energy, Utilities & Mining",<15
a5eaf92d-8fd8-4919-af70-861d55772da0,"Stephens, Small and Hernandez",90b9b905-d035-4412-9db4-fa8dfb23629f,US,Utah,East Vanessa,Government,100-499
6c101d00-7992-40bf-8630-8861698e535c,"Gray, Wyatt and Weeks",a7e70fd0-d5f5-45a9-8265-01b6b4353fff,US,Montana,Lake Elizabeth,"Retail, Wholesale & Manufacturing",15-99
32d9d36d-8bb0-4d65-a510-653ece9f60e9,Caldwell-Ewing,afc64d25-fc6e-445f-b7e5-6806ab8b5073,US,Missouri,Christopherview,Transportation & Logistics,<15
300a2211-6087-4e88-887c-de1472b8c772,Collins Ltd,f732b504-5c64-45b0-87b7-2700c4a326c0,US,Pennsylvania,Thompsonchester,Construction Contractors & Services,>1000
e8e750f1-cea1-4602-93a3-9cc56abb2a01,Lopez PLC,a8114e53-edd3-426c-9281-53951be5e222,US,North Carolina,Langfort,Other,15-99
68c976ec-7128-4cff-ab06-126710b7f30e,Wilkinson LLC,b2179e18-877b-4ebd-bb46-5036edd5a8bf,US,Connecticut,West Susan,Rental & Leasing,>1000
eb29f438-9a20-41d1-a024-c9a7abc3f00b,Waters-Davis,675c32da-b9c5-44af-8b3e-7bef5fc3183e,US,Virginia,Lake Crystalberg,Transportation & Logistics,<15
241efe57-c6cf-4468-a6c0-b5e5d2af8a02,"Scott, Phillips and Acosta",84ac34b3-8c88-4660-8e57-0f935e07c672,US,Oregon,Potterborough,"Retail, Wholesale & Manufacturing",15-99
a7798ee5-00ce-4a78-ac61-c7fc9e8d8f51,Dunn-Mcguire,7760b7b8-006c-4261-a502-e9e11867c5f0,US,New Hampshire,Lisashire,Rental & Leasing,<15
938fff73-3e10-4ae1-95cf-47ce01f5ad16,"Chavez, Hartman and Owens",a504f69f-0364-4f32-acb7-088c720df50f,US,Ohio,West Corey,"Retail, Wholesale & Manufacturing",15-99
10c14682-461c-415c-b179-e769c022367f,"Sullivan, Smith and George",1a79a457-7746-4dcf-8a4e-82b85e832895,US,Wisconsin,Matthewborough,Government,<15
e9b763a0-38f3-4d65-9792-8ca63e2254e5,Alexander LLC,674366b8-9414-47eb-9f8d-7c1c4a280992,US,Missouri,Velasquezton,Information & Telecommunications,>1000
feffa969-4aa8-4b19-96c7-0fed622a7433,"House, Marquez and Mckenzie",965f3637-181e-4172-b933-5e3a751ee585,US,Colorado,Adamsfort,"Retail, Wholesale & Manufacturing",500-999
d69b8a58-3d85-493c-a468-e247b4cd7ce9,Webster-Richards,67c4a7f7-21ef-471b-a8f7-d18780d46298,US,Florida,Port Carmen,Construction Contractors & Services,15-99
4f2d815f-c91d-4b5f-ad1e-be0b7ab37d3e,Hughes Group,72491f22-39fd-4643-86b7-401fc86b7124,US,Illinois,Torresfort,Rental & Leasing,15-99
8bd39c54-5bf7-4c6c-9d2e-91ed7fc96c34,Elliott Inc,473c881f-afa3-48f1-b1c1-839e66377f57,US,Nebraska,Lake Lauren,Information & Telecommunications,500-999
15e3d171-6fc0-41a1-8f32-0ad6d3b58a51,"Walker, Rosales and Lopez",9f2aad14-ac77-49dc-9b7c-55fbe8638314,US,Illinois,Donaldburgh,Government,100-499
5384dc48-8a0e-4d84-88e2-cdaafc51c17f,Brown LLC,17cf5c34-2f5a-4099-9f73-335659b167cf,US,Massachusetts,Andrewsborough,"Retail, Wholesale & Manufacturing",>1000
dfe51083-ab5d-45ef-af0c-1c6c10aa8436,Silva-Carter,7bc2751c-ad98-4db0-ac71-4de69fe51a14,US,Idaho,New Georgetown,"Energy, Utilities & Mining",15-99
70c31993-35f1-4b2a-bffa-6ca4e31d4372,Morgan-Williams,2598ffe0-903d-4798-b1cc-367253458d4c,US,Mississippi,West Lori,Education,>1000
46f9b01c-b9c5-4348-9335-d8ce8395a92a,Ayers Ltd,26d53e19-1e8e-451d-b84a-2f29982e42f0,US,Massachusetts,Donaldfurt,Consumer/Business Services,100-499
59a58faa-4a6d-44cc-a55e-a85ca9a39ccc,Christian-Boyer,0d3fc53a-2347-41be-8356-207f9977ece9,US,Nevada,East Kellybury,Other,100-499
b4bbc1dd-c90a-4952-baa6-4231b5063c26,"Adams, Harrison and Fisher",aa1746db-3be3-4d04-aef1-56af8d9cee38,US,South Carolina,Aguirretown,Rental & Leasing,100-499
fd5f05e9-f48b-4c09-bc81-9378f18ea117,"Hamilton, Moore and Wright",81eb74f3-cceb-4694-804c-9be9d64eedf8,US,Oregon,Myersshire,Information & Telecommunications,<15
0111fdf9-9dfa-415c-bed6-dc515202c38f,Guzman-Morales,542bc2f3-3256-4715-9f30-376948c50d44,US,North Dakota,Christopherberg,Construction Contractors & Services,100-499
a3704a0e-0937-4e88-882f-0c1450915fcb,"Santos, Brewer and Gilbert",d98494cd-021b-41a7-adac-013a3e99dd6a,US,North Carolina,Timothyville,"Retail, Wholesale & Manufacturing",500-999
c0e6cccd-6bac-406a-8c6e-84d44402c7aa,"Chapman, Smith and Scott",29ef34b6-9ad7-497a-986a-9261380046c0,US,West Virginia,New Kristenmouth,Construction Contractors & Services,100-499
fef342bd-811c-43c7-8fd3-dba184f0ce26,"Best, Johnson and Calderon",0749f30c-a7eb-4e0f-bed8-36fe21eef1aa,US,Massachusetts,Smithberg,Rental & Leasing,15-99
8a42e737-6f9f-4c72-aefd-f35de2c2bb6c,Morris-Hart,591620dc-b852-449a-8efa-c8ec4d1775fb,US,Idaho,East Jessicaberg,"Retail, Wholesale & Manufacturing",100-499
8a878a9b-01ef-4415-9c1b-5d8929d99b65,Burns PLC,4fc9baf5-080b-4b33-af83-d9df65b6987d,US,Alaska,Lynchshire,Construction Contractors & Services,>1000
7c7f4466-c0d0-414d-91bc-1e5dff76768e,Haas-Vasquez,85baff07-c355-413c-b0bc-e0603227c3ae,US,Virginia,Fischerstad,Consumer/Business Services,100-499
7cdf83ad-7507-48de-abfc-651429410ebc,Sandoval-Oliver,e3a7ecf5-70f4-4bc1-b873-4d9ad230138a,US,Oklahoma,Port Coreyhaven,"Energy, Utilities & Mining",15-99
99b2f1b3-499a-4923-a926-50a67adfa96f,Vincent-Harris,b322eca1-4ed3-4764-af83-f2daff1c50a6,US,Oregon,Staceyberg,"Retail, Wholesale & Manufacturing",500-999
e9b3f6bd-5823-4164-b5ae-c10103a9dc28,"Davis, Brown and Kennedy",32299c40-775c-4d92-b4fb-7b2a56bd0b3c,US,Michigan,Harrisville,Consumer/Business Services,<15
4b0c3e5d-4b3b-47a3-b142-1985fd2a0376,"Hughes, Perkins and Duncan",0f748023-6a6f-422d-a007-2c1261422f24,US,New Jersey,South Gregory,Education,500-999
1584a027-f1f4-4c96-a61d-38c8efadb685,Neal and Sons,1203c06b-3837-4926-a565-d53c657d7c73,US,California,Millerberg,Consumer/Business Services,>1000
88cbb26f-5542-4146-9a74-de45a5a17399,Griffin LLC,0a415dfb-4e9f-430a-b3b4-9617d4356c5b,US,Illinois,South Amandaville,Consumer/Business Services,500-999
686a258c-719b-41f7-bb43-22fbf071433a,Silva-Sanders,f031d7f6-6a7f-43d2-807f-711eefad0461,US,Tennessee,Thomasstad,Other,>1000
3dca0a8e-4446-447c-9858-c3381aded6e0,Arnold Inc,ab20554e-cd25-46e5-964f-4b340faf3991,US,Alabama,West Jason,Consumer/Business Services,100-499
8ad776fe-abf1-4ad2-8d02-5add336bb84b,Washington-Wilson,ba77e3e1-760a-4d93-883e-516827200830,US,Oklahoma,Patriciaview,Government,100-499
25a91186-2cf7-4c2c-a107-172f256c5532,Mendoza-Watts,1c705c9c-78e5-44d7-8fe2-698f31cd434b,US,Colorado,Sarahstad,Rental & Leasing,100-499
6251a45c-81c2-47f1-8295-6aee0689988f,"Miller, Diaz and Graves",769266c2-e958-41cf-9a5a-aa50e573292d,US,West Virginia,West Russell,Education,100-499
6e9cf8e7-1925-49ad-b24e-06722f049c2c,Vaughn-Garcia,2fca7cae-1485-49ed-b736-2a872947d1fb,US,Maryland,Smithchester,Information & Telecommunications,<15
13acf1f7-cce0-4dc2-8149-99d5831427a8,Coleman-Brandt,0da30c8a-5bea-45aa-bf10-76d723dc6a70,US,Colorado,Robinsonbury,Education,100-499
38778397-bbf7-4656-89c8-77e6006edfc3,"Carroll, Andrews and Johnson",097bf303-1d1c-4f58-b261-bc449e9a700b,US,Ohio,South Joshuafurt,"Retail, Wholesale & Manufacturing",100-499
b19e074b-91c0-4676-9929-c81d1d04c181,Doyle Inc,87e79753-654b-4ad0-9b15-7b1b367ac58a,US,Minnesota,Lake Daniel,Information & Telecommunications,15-99
7b4701c1-d13d-439a-8cff-f8426b6123e2,"Archer, Jordan and Porter",51e3d06b-ffb9-4cda-a797-421abdfbce99,US,Hawaii,South Cathy,Information & Telecommunications,15-99
c4d562b5-fa71-4bb4-8895-5e21490716fe,"Grant, Berg and Adams",89fe5dff-ce68-407d-90d2-41bbf7f16492,US,Missouri,Jonesmouth,"Energy, Utilities & Mining",>1000
ba87b17c-0c32-42b1-8821-a7c6a06af616,"Maldonado, Curtis and Allen",fc2cf175-535d-4e9e-973e-324e23130490,US,South Dakota,Lake Rachael,"Energy, Utilities & Mining",>1000
a041be7a-8a2c-4eb9-9ae2-e1a507cb7789,Horton Inc,8f2d86f1-da1a-4038-9279-9c9935bf33d7,US,Kentucky,Newmanburgh,Government,100-499
a8e13790-db63-4e21-99cd-c17251711692,Rasmussen Ltd,1fd32245-67e2-4595-a1fc-b4b6c4de5604,US,New Mexico,West Alec,Other,<15
5e9a0f38-ba2a-49c5-9517-98dd183bbbfe,Baker-Reyes,d97e7b09-8de6-4970-8946-b26014af6974,US,New York,East Sarah,Government,<15
6a1eeb6e-1abe-40c3-b867-238bea609f51,Ramirez-Robbins,39e06d7a-f4b6-439c-bd1b-e9f9c656ae1f,US,New York,Lake Stephenhaven,"Energy, Utilities & Mining",100-499
f838b3ae-cdce-48cc-91b0-854c2aa39706,"Aguilar, Davis and Snyder",cf2b80f5-d2ac-4fca-94f0-9dddfdcd139e,US,Iowa,Edwardsland,Construction Contractors & Services,<15
574b0196-afa2-45f8-9a7b-ae7fb3a5a9eb,Hoffman and Sons,1b837572-8c04-458d-9513-7fe81f3ebeee,US,Wisconsin,Rodrigueztown,Education,>1000
dc99c586-a130-4124-90ea-6925305064b0,Fernandez and Sons,d22cea79-0705-44eb-bd90-a5df0dbdf3e2,US,Massachusetts,New Aprilville,"Retail, Wholesale & Manufacturing",<15
41f898b1-4ae8-4ed6-b08c-3b203b906390,Cross-Sanchez,6e3f88b0-a0cb-4de9-9e25-70d86e742bf5,US,Indiana,East Angela,Transportation & Logistics,15-99
65ac8a56-e191-4fb1-a506-9dcc13dd8da1,"Woodard, Perkins and David",489ae454-927c-4383-80b8-d01c3d585117,US,Massachusetts,Lake Robert,"Retail, Wholesale & Manufacturing",<15
4120dbba-ad53-4643-a5f2-fb51ff9ad595,Wilson-Burton,f3c5f925-beb0-49dd-922b-2d1d47933ec6,US,Hawaii,Port Jeanetteside,Government,>1000
335107c1-6b35-4a1b-883d-9e4436deeef4,"Smith, Gibbs and Johnson",f56f6438-8839-4619-a9a5-423490e16ebb,US,Colorado,Lake Pennyfurt,"Retail, Wholesale & Manufacturing",>1000
7ffa340d-2e70-4287-af77-cfdc8d220cd7,"Hardy, Fowler and Lynch",e60ca743-e193-4798-bc21-6f3ecb953ee1,US,Tennessee,Richardfurt,Rental & Leasing,500-999
f8f22d9e-22b4-4b75-bc2a-f36a4335a01c,Norton-Walsh,d21e2597-2dcb-4a23-93d0-2dca5ffc97b2,US,Colorado,Jonathanborough,"Retail, Wholesale & Manufacturing",100-499
3734feb9-e274-4456-89ff-f30c1a555f51,Gomez-Roberts,777dd25b-d478-48ec-a012-a957232d3be5,US,Texas,South Alyssaville,Other,15-99
a96380b7-b190-4004-8488-d5357d4be451,"Smith, Johnson and Hines",a668fa86-b59c-4a7a-9e9f-99891429f08f,US,Arizona,East Frank,Construction Contractors & Services,>1000
12432a78-434c-48cb-9caf-407444be17c1,"Rogers, Saunders and Leach",9d178204-f6f7-4d25-8ec1-a351157197b9,US,Nevada,North Thomaschester,Rental & Leasing,<15
7df5e91b-1c86-4672-8925-e197c9f98594,"Jackson, Johnston and Murphy",15f3f9c7-e60b-4eb2-b783-0b4c9aa96943,US,Arizona,Arthurstad,Consumer/Business Services,500-999
691abaee-5ab0-4a0f-9890-1abd54ab5183,Cook-Wilson,290bb31f-a418-4119-89d4-429d345fee1b,US,Mississippi,Taylorfort,"Retail, Wholesale & Manufacturing",>1000
68bae430-9345-4c86-a4d5-94910d634333,"Smith, Anthony and Spencer",a3bc216b-1b7f-4166-aaf4-d34e654f3558,US,New Hampshire,Mullenburgh,Consumer/Business Services,100-499
b70f0e75-c3d0-45fb-bf32-680f6f94dbd9,"Allen, Wilson and Gray",ec45b322-6433-4daf-af0b-3511fcc42801,US,Illinois,West Amandaland,Government,100-499
1358bc0d-aa05-4367-8cfa-0b7503e8400e,Kelley LLC,c5391a59-ee45-4a8d-961e-f9be7035efaf,US,Washington,South Bradley,Education,15-99
8d76deab-7119-45f5-bf56-d7ed3d8ee729,"Espinoza, Tran and Jones",edb85298-a1c1-49f7-a6ee-cd1211e66257,US,New York,East Anthonyhaven,Information & Telecommunications,>1000
49d6b626-2b4b-42cf-8322-e96e61536c0d,Wood-Avery,9fbc0e67-0a67-4fd7-854f-3a6962adc54d,US,Alabama,Craigtown,Construction Contractors & Services,500-999
687c2493-57df-4484-8396-33ac6ae3bee8,Rivera-Schroeder,ff5a4ce6-d466-447c-bda7-2d2905925e99,US,South Carolina,Port Heatherberg,"Retail, Wholesale & Manufacturing",100-499
dca0daa3-56b3-49c5-b92b-e98f8b60a040,Lee-Abbott,31714aa4-4bd0-4572-b350-14c3b79f6837,US,Michigan,South John,Transportation & Logistics,500-999
26cf812c-3535-40d7-afab-fd8593a09eca,"Castro, Baker and Floyd",1c6c87ea-2c7c-4dda-bd01-6aa6b7255296,US,Nevada,Juanbury,Construction Contractors & Services,<15
f0b89e70-74fc-4f3f-ba64-a761b0f9739e,"Williams, Howard and Price",c8bb1e83-e727-4506-94e4-99726993c00c,US,New Mexico,Williamchester,Construction Contractors & Services,100-499
359003a6-f6a0-40ef-842c-e5f9cd24163a,Garrett-Waters,66283b0e-57c5-4888-aa45-607ee9995286,US,Arizona,Mistymouth,Government,<15
3ecef2c7-0059-40a5-9e4f-bfa1f4f6619c,Ellison Group,b21fdf81-f04f-4023-8b5e-9d2af2e542ae,US,Georgia,Hughesshire,Government,100-499
558f78f6-8273-48b2-932c-36ef5743eefd,Melendez Inc,4ace109e-5f3d-4d3a-9374-33133defd54e,US,Alabama,Lorishire,Government,>1000
77e6a9da-171e-4746-bba5-e68eb921028f,"Smith, Williams and Drake",a7034d8e-47cf-49f3-af04-f89180f0ee4b,US,Utah,Williamsbury,Government,100-499
7afaccb2-5b18-4ac6-b1cd-3df61f6151ef,Greene and Sons,be720316-351c-4b9b-b857-7da49c3f3594,US,Alaska,Kariville,Construction Contractors & Services,15-99
b0690951-5835-4c1d-bbf5-c3a6c9e51e6a,Ray PLC,d151de2b-53f4-4391-844f-361b931c0829,US,Vermont,Anthonyhaven,Information & Telecommunications,500-999
ed6f2f9c-7d1f-4a60-8043-87db8775a87d,White-Thompson,99d0d5f3-0f0d-49dd-bbb3-c6bc67594d63,US,Ohio,West James,Consumer/Business Services,<15
305ffe8d-b317-44ea-8e9a-73922b841e0c,"Thompson, Williams and Bates",de0c8b7e-3c34-4f4d-a370-a7ecb0d04cbd,US,Alabama,East Erinland,Education,<15
d14f84b2-372a-4767-9e37-bb60ad83dad3,"Nash, Bond and Herrera",f842fd75-6bbe-4b45-9796-3133316f8f95,US,Louisiana,Lake Andrewville,Construction Contractors & Services,15-99
0906667b-6721-4a15-a45a-e8627f4c1554,Foster-Zimmerman,aa160c84-4dc2-4877-a9af-99cd5cf658c8,US,Indiana,Mendezside,Transportation & Logistics,<15
8da1b169-bdcc-4290-afa3-a028f829ea25,Mckinney Ltd,67e1b2d6-96ee-4cbb-b1d4-f51355bab886,US,Arkansas,Lopezshire,"Retail, Wholesale & Manufacturing",100-499
71907979-2743-4f3a-a1b6-3724f69dfab5,Johnston-Bryan,5b961e81-fe55-4427-b9c0-d95740c27302,US,Iowa,Kathyton,"Energy, Utilities & Mining",100-499
02309546-fade-4013-8e7e-1e2f41b32241,Arnold-Hansen,c18e7c96-a211-4a57-b4eb-fb71bb709992,US,New Jersey,Courtneyburgh,Government,500-999
f3b7ec1b-83de-495a-b5ac-58de9efc74a4,Anderson-Benson,7844c18c-4854-4734-a4e9-94295188bc47,US,Colorado,Tinabury,Information & Telecommunications,>1000
d78b0288-2587-45db-8285-00aaf4599586,Choi-Clark,84ef3e14-886f-440f-a3af-829939a5bed4,US,Connecticut,Christinaburgh,Transportation & Logistics,<15
491866e4-168c-48b1-b974-6e7498868b6d,"Russell, Barajas and Melendez",e5ff6a2a-3f23-488a-9079-91f7c5df5d0b,US,Vermont,Ramirezburgh,Information & Telecommunications,15-99
99413f14-2593-476a-84c8-ecb351de38db,"Thomas, Williamson and Henderson",85822d6e-9abd-4a82-a1f3-93c2d31155f2,US,Georgia,Wilsonstad,Construction Contractors & Services,500-999
793a4c80-9eff-4812-8ef0-80f5ba74ea16,"Dorsey, Dean and Mclean",1ac81d7a-362f-4705-ae28-37d946c3fcf2,US,Maryland,Johnsonton,"Energy, Utilities & Mining",>1000
eea224a9-d8bf-468d-b594-707d123cec96,Navarro Inc,b3215d13-c9a2-4e4d-a7a2-62d59c7b6641,US,Oregon,West Jenniferhaven,Education,15-99
398b0d99-99f2-4089-9b9d-6bdbfa6046b7,"Lawson, Bolton and Hill",82623365-19d2-42d0-929d-ec09b78cd7ba,US,Massachusetts,East Christian,Construction Contractors & Services,<15
79c0b304-248c-4dd7-93f9-5c0230dcff21,Harrison-Cain,fb76b4d4-a7de-4c2a-803a-e35e78465737,US,Arkansas,Cowanton,Transportation & Logistics,<15
0611e2e7-1789-4c45-9a51-6e8210d82ea3,"Cole, Wright and Harris",a14ba4f9-c061-4126-8d3e-bf1f5fb36d9c,US,Hawaii,East Ryanfort,"Energy, Utilities & Mining",>1000
4bc0482f-7bc8-4acc-a6a6-b23c33e5b26b,"Salinas, Baxter and Hardy",02269e58-3081-4746-a5af-2a5482b1036b,US,North Dakota,East Nicholasland,Government,<15
8a34060d-3182-47bd-8660-7090d4994cbd,"Walls, Hernandez and Booth",6a79303c-bac2-4780-8af6-bd9a6255b819,US,New Mexico,North Chelsea,Transportation & Logistics,500-999
1c225add-1bed-4424-a124-0059ad1280b1,Hamilton LLC,8e2b1c95-3967-4c32-aa18-9c8f116b5825,US,New Jersey,Elizabethstad,"Energy, Utilities & Mining",<15
2cf31768-5ef7-488d-aa74-aec8fb54eba7,Merritt PLC,f9b55edd-d650-4d64-85b3-172ff2034db6,US,Delaware,North Molly,Information & Telecommunications,>1000
61ab6218-7b64-49fe-b0de-0b9bd49b0b1a,Hart-Fox,be7b8386-3103-4a75-a34e-57519874274e,US,Hawaii,East Joshuaburgh,Consumer/Business Services,15-99
34c1e753-306d-4be0-be03-944839dd1525,"Ochoa, Martin and Evans",e284eeb6-51fd-4d50-948f-78dd4965a885,US,Maine,East Juliaberg,Other,15-99
cc291355-df87-4d48-a267-cd6a8a4d4b7f,Montes Inc,e86d4036-711f-43b7-883a-9843b34064f3,US,Washington,Lisaland,Other,<15
364eb7ae-de28-4710-b2fb-c4dc66484fb0,"Martin, Wong and Jackson",88016ae6-ddce-4085-8310-52b5550775c5,US,Mississippi,Liuchester,Education,100-499
eaa253d0-4753-4aea-a2b7-b0740028b7cf,Collier PLC,2a585452-7c7f-4c28-8567-43f641ef6b13,US,Connecticut,New Jason,"Energy, Utilities & Mining",500-999
eb9fb73c-fc9b-432e-90a2-aa153335883b,Barton-Gonzales,2c143de5-98a1-4a45-a1af-378b73fdbd5d,US,Arizona,South Lisaside,Government,>1000
cc58120f-3218-40cf-bc0d-d19ae32b1ddb,Palmer-Moreno,f875d74f-b676-4fe4-ab59-f95ffbf7634b,US,Wyoming,West Henry,Consumer/Business Services,500-999
01078742-a577-42dd-9504-2572dbc56faf,Tran and Sons,520a7914-2d0d-4a5e-ab11-8f95dfecfd95,US,Colorado,Schroedermouth,Consumer/Business Services,<15
3c4814c9-bf8a-40de-99a3-9e1e5ef7276d,"Snyder, Chavez and Torres",595bba6c-daa0-43fa-87ba-839037eca497,US,Louisiana,Kaitlynshire,Government,500-999
592aaeb4-cafb-4f19-bcd6-57b78356f167,"Mckinney, Hood and Gomez",bc2692f4-f3e5-4955-b793-9db99185f1f8,US,Georgia,South Jonview,Other,500-999
a3d89b95-becb-48e8-86c5-b848c5a42a91,Castaneda-Dorsey,72a77f95-e44d-4d92-a8ec-24481e72f375,US,Nevada,Lawrenceview,Government,100-499
967761ba-7ad4-4809-8002-ed3398de2126,Clarke-Boyer,95f1a885-cb0c-46e9-888f-5e4df00c0b29,US,Hawaii,North Amyland,Transportation & Logistics,15-99
b3eeff33-44cb-4585-8d1d-57260974f033,Gonzales-Foster,694d30ed-68be-4a00-be29-fb5925b020e0,US,Nebraska,Marcusstad,Transportation & Logistics,15-99
2b0c2d7a-429d-48f6-b0d4-521a4f7a5cf3,Valdez-Carter,4eb693bd-9a78-43e5-b200-a40f857b5de0,US,Massachusetts,West Steve,Other,100-499
e2becce8-5c5a-47b8-bff1-6d4458347c60,"Davis, Bowman and Harrington",0c91831a-2628-4d9b-9067-caeb146b7b3a,US,Nevada,Lake Joycestad,Construction Contractors & Services,500-999
67477434-bec7-4167-9bf0-a363db7ffe93,Williams-Anderson,8ed3dff1-53e7-4c62-980e-e5f5fd1bbac6,US,Hawaii,Kathrynberg,"Energy, Utilities & Mining",500-999
64a1d3de-37a0-4808-a0f1-13d75e5d57e4,Beard and Sons,42d01e85-5c34-4f68-b7a2-20a08d1b1830,US,Rhode Island,Lake Thomas,"Energy, Utilities & Mining",100-499
5ec6292f-b048-4e6a-9f71-b1cb45923aa9,"Williams, Miranda and Sandoval",0e986e22-dc5c-421b-b472-35885215461d,US,Illinois,Port Brendafurt,Transportation & Logistics,<15
8a8ec84f-65a9-48dd-8a62-60f6e2405d61,"Browning, Young and Dunn",6bd31a1e-a0d1-42b5-877d-5c37d6ea799c,US,South Carolina,Port Robertport,Government,500-999
1c325e51-fcf9-4075-8cb9-5e06ff59fa40,Wells LLC,ea449f9f-edac-4d1f-8e3e-0530288bacca,US,Oklahoma,Brownberg,"Energy, Utilities & Mining",15-99
f252dd2d-072b-446e-8bdf-1e8bb94996b9,"Spencer, Pineda and Reyes",5956aa84-a69e-4f04-bd5e-1973445645f3,US,Oklahoma,Garyshire,Information & Telecommunications,500-999
8224dfc1-55d0-459f-9d6e-712d970ac9a8,Elliott Group,4e11a433-87a4-4abc-8339-dfb233b758f6,US,Massachusetts,Port Sean,Transportation & Logistics,100-499
4d534fae-5d9a-48b6-9968-07d452f1a7b5,Bell-Mcbride,2e9c1154-45b1-480d-bad7-c17e45723ea6,US,Kansas,Christinaburgh,"Energy, Utilities & Mining",500-999
5d63c347-7016-443d-b2ad-d30a57571ad4,"Horton, Sellers and Bell",88b558b2-43a5-408e-bd08-88fed088a222,US,Maine,West Josefort,Education,<15
8c8e1795-5868-4c2d-b39d-35d9f73d6742,"Smith, Davis and Mcdonald",38f51326-352b-4706-aa55-bf9978ce8823,US,Kentucky,Mooreville,Transportation & Logistics,15-99
e3c2520c-a26c-4b4f-944d-88677f8861a3,Burke-Lewis,da59d371-685f-406d-8b04-f6769546c2b9,US,North Carolina,New Arthur,Construction Contractors & Services,<15
b8fc4e50-e763-48f2-a895-9609f5e2c7aa,"Benson, Cox and Powell",38aec756-0bbb-499f-8068-8384f420bd6b,US,Tennessee,Brightport,Education,500-999
25963f34-6fe8-4944-bc3c-3ba371dce7a1,Shelton-Hayes,bc05819e-c7ff-408e-83cc-4ca86506825b,US,Hawaii,Ramirezton,"Retail, Wholesale & Manufacturing",500-999
acb664eb-be19-46c8-b772-5ad174a7c950,Martin PLC,bba27dcf-410f-4bd7-94b2-d360f20a1039,US,Tennessee,North Elizabethland,Consumer/Business Services,100-499
92d3bf54-2dc5-4293-9a97-cfb881bdb5f2,"Griffin, Gonzalez and Wright",13e0ac62-8b5f-472f-a37b-6b9a917d92d1,US,Mississippi,Stevenfort,"Retail, Wholesale & Manufacturing",500-999
dd29940b-3b78-47b2-af8b-e4e8287d2848,Gonzalez-Wright,3a812e4f-22c3-4716-b605-8bdf0486e215,US,Rhode Island,Frenchview,Information & Telecommunications,>1000
6a64b111-43a7-45a5-8bf7-78c7c1597e67,White Group,5037b9a9-9238-4b1b-95c2-1b44e9b85442,US,Delaware,North Catherinetown,Government,>1000
2216bad7-118d-4106-9f35-6aa8ddb6c82b,"Gutierrez, Mitchell and Figueroa",d8bb9518-c538-4017-b13f-67c34969b27e,US,Texas,Jonathonshire,Transportation & Logistics,>1000
e8e88803-cd18-4b07-8dd5-f74960dc5a87,"Williams, Gonzalez and Martin",3e0c1785-32d2-4900-a8ef-4215ca7df667,US,California,East Wendy,Other,>1000
ac1e6e72-2c77-4136-b237-7a225d508607,Espinoza-Wilson,535590db-fc41-4ba1-9fe8-2a9473e9e7f5,US,Tennessee,Juliaburgh,Consumer/Business Services,15-99
f071962a-0b0e-4277-b2af-36e1fbb908ce,Mason-Carroll,f68d8516-088a-4063-9aa6-8b7011330210,US,Connecticut,North Jason,"Energy, Utilities & Mining",15-99
180f79a3-4518-492a-a560-60ce3ea2b06a,Erickson-Wright,8c4a464b-11f9-49ee-a222-b1ab1f3cefcb,US,Alabama,East Marthastad,Other,<15
9bf9524f-d34a-40ac-b9da-fd30fc47a5a1,Kelly-Mathews,9ed127f6-3d44-4038-9097-aac63f36267b,US,Mississippi,South Debra,Transportation & Logistics,<15
08f95330-e007-4e6a-be36-ee9d396e54a2,Garcia-Chapman,319733cd-e4d8-4ab2-a23c-8bf24f4cb9a2,US,Wisconsin,Michaelberg,Other,500-999
338a4530-1e4e-421f-b72a-4e01b875ad0b,"Owens, Pacheco and Mcgrath",bb4d508a-ea7d-4c45-a471-6ac10c101148,US,Arkansas,North Amy,Transportation & Logistics,<15
42859afd-7815-49c4-8dd5-18530861170c,Blanchard-Wade,2903f28e-6e4c-4049-a319-d66a64728eaa,US,Nevada,South Donnaborough,Consumer/Business Services,100-499
aae22327-b49f-4bd0-a3fa-a380bf0bfe8f,"Rhodes, Jackson and Baker",8da26a08-275d-43d3-bfc6-bf8a29ea8bd5,US,Pennsylvania,Port Jacquelinemouth,Information & Telecommunications,>1000
c0a2d903-a719-44e1-98e8-4f6d78520a60,Rodriguez-Griffin,d3d62949-8e29-4281-9182-28c5689505c0,US,Virginia,Port Tammychester,Information & Telecommunications,>1000
ed8656c9-5bd1-45e1-84f5-f42cc25c2497,Espinoza-Bennett,cc6b6f72-0d01-480e-b945-17ae482cd4bd,US,Delaware,Lake Jeremy,Information & Telecommunications,<15
722490fc-5623-4e3e-bb32-77205aacb2a0,"Miller, Pugh and Rice",73c0e7e7-d6ed-41af-a3e2-290caf908ff7,US,Kentucky,New Catherine,Information & Telecommunications,>1000
d88dcb12-304a-4a15-96ea-6b81954f1dfe,Ortiz and Sons,1103809d-d3ae-4f47-9e49-6e7fc47acf0d,US,Maryland,Glennborough,Government,<15
c71febbc-13e7-48b1-820d-4e3206220940,"Mccarty, Nelson and Miller",a6e56879-4144-470b-ba6e-0a066912a3eb,US,Oregon,Port Melissaview,Government,>1000
4ea7f65f-807b-4ec0-92bc-b3c9df377704,"Marks, Cruz and Graves",71a18984-0139-4b08-b3c1-c1cb8b384acb,US,Florida,East Kelly,Education,<15
cd433b51-ac9a-4c35-b3ab-f92a03f50990,"Pratt, Jimenez and Santana",72133fab-7884-4293-a7c2-7d84a1828672,US,Alabama,North Stephanie,Government,>1000
57406dd1-5446-4deb-b54d-5187153bc3b2,Lopez Inc,04632a97-3f03-42e9-80f3-8844d0467565,US,Connecticut,Jonesborough,Other,15-99
361a5937-7e4a-45c6-a700-6a2ebdf7354e,"Gill, Riggs and Keller",8089fc74-11a0-4635-88b6-29c690adde96,US,Kentucky,Jenniferton,Consumer/Business Services,100-499
759ad30d-f5df-478b-ba19-ad1b8ec9cb61,Dawson Group,4694c780-dc3b-43cf-9abe-925d01725487,US,South Carolina,Lauraland,Government,500-999
6e2c566b-b567-42d6-af48-eaa3449fda50,Macias-Murphy,00e8f240-adda-4489-85da-fa4f7445409d,US,Delaware,Tammytown,"Retail, Wholesale & Manufacturing",100-499
e4775392-ce0a-400b-a92c-8398a17239d0,"Hill, Williams and Velez",ee804d52-2f02-477a-b907-14d237acbbee,US,Maryland,Spencermouth,Transportation & Logistics,500-999
b36df4eb-2725-4a2c-8793-9a28906a9b69,Solomon and Sons,bb7f1692-d805-474c-a958-d18451420d64,US,Maine,Kennedychester,Education,15-99
a5cf87d0-8eff-4056-9a5c-811be5e698a8,"Meyer, Estes and Arnold",d0c0b882-b376-49b3-bccf-195181cf600a,US,Tennessee,Markchester,Government,500-999
9f52ec89-fb8d-4324-8b74-06f9b44be2a2,"Pacheco, Williams and Mason",c6e6939e-56ca-42a5-ba04-9070b4713a4e,US,Connecticut,North Ashleyview,Education,>1000
f4770b0d-c9b3-43e8-b38d-371cad08df23,Garcia-Rivera,b149d45f-d823-4219-9a6a-b55443df9d21,US,North Carolina,East Kellyburgh,Information & Telecommunications,500-999
2a4d04d1-7cb1-4045-8808-b570d1708d20,Torres-Davenport,828e1b7b-894d-401b-b260-036b9a3ea24d,US,Minnesota,South Matthewton,Other,100-499
3bca12d6-e304-477d-a6ad-a3319e36b8d5,Curry-Blankenship,1901c0b7-cb90-4ccc-9f1d-dbf52bcd1637,US,Washington,New Williammouth,Other,<15
6268cd98-71ee-4954-a847-dadb43f242d6,Ryan Ltd,0d9cd956-2129-4518-918b-f068c8e6693d,US,Oregon,Annatown,Education,100-499
307629b3-6be7-4793-acf1-c3d33c6a46fb,Jones PLC,37dd4de0-ecb5-4d1f-949f-e3838c4d2f18,US,Colorado,East Anthony,Education,15-99
40f95f02-89fc-4110-b34a-57d44312d332,"Middleton, Lane and Rodriguez",7ca3c2e2-c819-4c31-93d5-4abee7c43fc8,US,Arizona,South Jacob,"Retail, Wholesale & Manufacturing",15-99
e0ee5545-7827-4e19-9f21-9ce441c2a3c0,Olsen Inc,301c315a-c508-4c56-9a40-fa8deec04ac1,US,New Hampshire,Juliechester,Construction Contractors & Services,<15
95936d0d-e5e5-46f2-9fbe-67bf6bd5abf2,Turner Inc,9cd91c47-7ad6-49bc-bbba-44971f1f5ed1,US,Nebraska,Lawrencetown,Transportation & Logistics,15-99
9598a2d0-778b-4f3d-b97b-48dc4950e056,"Peterson, Lopez and Watson",18e42425-82f9-4788-9c5f-9a8068d0520d,US,Ohio,North Brookeport,Information & Telecommunications,500-999
29ef5e67-7c26-4f1b-8597-b14cafd64142,"Nichols, Green and Dean",5ea8d387-fbcf-41d7-ab44-0085331e6705,US,Minnesota,Port Markfort,Consumer/Business Services,500-999
d2f730df-3340-416d-a55d-5bad05045573,Foley-Jimenez,16c2a4be-1dda-4e3c-bd1a-4ea08123123b,US,Oklahoma,South Joelchester,"Energy, Utilities & Mining",>1000
47899c8f-aa1b-40ae-a72f-14ff9a4527e3,"Nelson, Jackson and Green",9bd520c2-9c3d-44a4-9db9-16ed2cef4863,US,South Dakota,North Loriport,Information & Telecommunications,<15
ca63fada-2836-4405-96f0-609a47467819,"Fox, Ruiz and Perkins",137b133e-2330-4936-91de-a47b8c50f2cd,US,Iowa,East Nicolemouth,Education,15-99
42a81914-5d81-4e46-8543-1565ef08142d,"Williamson, Watkins and Roberts",383151b1-078b-4f22-b710-2315a70c0abd,US,North Carolina,Lake Judithshire,Government,>1000
d0bbc750-ece4-4224-a2ad-8f9f7da70ff8,"Swanson, Fisher and Harper",a119e746-c227-40e0-9c83-581c018b0b2a,US,Rhode Island,Stonefurt,"Energy, Utilities & Mining",500-999
fd7d3b00-4e4a-4211-9079-b0f523fc8587,"Hunt, Smith and Butler",500d0f35-13ae-44d1-955f-2b0507c41ad3,US,Oklahoma,East Nicole,Government,100-499
f4d56d4a-bdd9-4c76-98a1-aae58d6c944f,Thomas-Braun,511994ab-20ef-4643-a192-4acb9b4ece6a,US,Louisiana,Lake Rebeccatown,Rental & Leasing,>1000
a625a901-f064-4474-8a38-549e530f59a5,Payne-Long,8ec467bf-f5fa-461b-b202-d7e6602b4d29,US,Michigan,West Adrianshire,"Energy, Utilities & Mining",15-99
7f5a6a0f-c810-472a-8cff-dd6d6e363ac8,Cook-Stein,c3b39f9b-341b-46bc-ac6d-72aeca2fe882,US,Georgia,North Sabrinachester,Information & Telecommunications,100-499
0e7e6791-6bc7-45c8-98e5-35cae960edcf,Davila LLC,d0bdfcea-ec91-4fde-99e8-06d77ab7baaf,US,Delaware,New Anna,"Energy, Utilities & Mining",<15
02c4d3a7-3077-4187-8cc2-701051ec6eca,White LLC,e5c8eb95-ab0a-4a7f-8f26-95e3c864f46e,US,Florida,Tinamouth,"Energy, Utilities & Mining",500-999
9d4a270e-8826-474b-80e8-d0c17f0ce685,"Smith, Lee and Smith",2e7de09b-917e-45fe-a1b8-a1f62b5759f6,US,Georgia,East Christopher,"Retail, Wholesale & Manufacturing",>1000
4613ddfb-0b4d-4b95-a6a9-5ec1448be62a,Ponce Inc,b6cb5734-6cc2-47de-b43d-cfcb3211dc54,US,Pennsylvania,Michellemouth,Other,15-99
fa96e670-3613-4d77-9cfb-de412f01e2e1,Hernandez-Delacruz,c00f3792-16f9-4b3f-aa97-199ea4a7331e,US,Virginia,Lake Ann,Government,<15
5354f403-1104-4e39-a0f8-7047bbcef005,Henry Inc,49723fc7-224c-4843-81e2-725bddc448c3,US,Vermont,East Darlene,"Energy, Utilities & Mining",100-499
bf9f2a31-7e5a-4028-ac03-b7f917ee2338,Montgomery-Murphy,dbbea9c7-8fe4-4855-9268-d994990f25cc,US,Missouri,West Robyn,Construction Contractors & Services,>1000
2a186cb9-5e53-4a60-b7d2-7479b97fb36f,"Nguyen, Sanders and Grant",9fa23245-d855-445e-9801-0b3e078898ac,US,Arizona,Hudsonborough,Consumer/Business Services,500-999
a19306f9-81d6-441f-966e-9bf57f7b1020,"Harrington, Lowe and Bailey",56b4a523-fd82-4419-ae7e-8e77633f0a48,US,Texas,Millerton,Government,>1000
1f2a3634-bdcb-46f5-ba62-83ed3eeee32e,"Jones, Johnson and Singh",e92ec08a-9aa7-4aa9-a8a4-d4f06a29ffc7,US,Indiana,Floydton,Construction Contractors & Services,<15
36ef447c-c5f1-480b-939d-fa3fe08f6f6b,Ramirez-Roman,b94aad69-e9bf-41a5-ba17-eaf364ca7f85,US,Nebraska,Pughmouth,"Energy, Utilities & Mining",100-499
fa2e5fbc-d55e-47e5-8ea1-fc1d83c13ae1,"Mccullough, Lawson and Price",7fab5df7-fc50-411f-845d-4a4965df95c2,US,Tennessee,Andersonstad,Consumer/Business Services,<15
59571ad0-2cfc-4e8d-b653-7d8185ccfa86,"Solis, Kim and Clark",7ecaf07b-5d68-4a5f-8184-06136113903e,US,Alabama,West Emily,Construction Contractors & Services,100-499
d95f19dc-82b0-4bd6-9cd5-c93d00a3e0e8,"Kelly, Robinson and Bell",296aa1f6-4455-4479-a215-68fd34c5860b,US,Mississippi,Sharpbury,"Retail, Wholesale & Manufacturing",>1000
07050de7-22af-418f-bfa1-f0585acd764e,Gomez Ltd,634bfabc-28db-4cb3-b618-19302101f702,US,Virginia,Romeroborough,Consumer/Business Services,15-99
95915cd4-9c9b-420e-8399-3dbf7598db3d,"Fisher, Meadows and Cannon",9e4efa88-1a8d-4271-be33-ab075ea47db5,US,Vermont,North Ronaldstad,Construction Contractors & Services,500-999
296b53b4-363c-47e0-8edd-8234489832ec,"Mcdonald, Edwards and Branch",ef5fcae8-7b25-477c-9a9e-ac734764caf8,US,Virginia,Isaiahhaven,"Retail, Wholesale & Manufacturing",>1000
79044165-d4c5-4675-8631-ccd765eacf65,Smith PLC,cda55780-8b89-4c98-8807-f8da42a0411c,US,Illinois,Michaelview,Information & Telecommunications,>1000
70f4364c-2774-4d35-a7eb-ab61853dd638,Newton-Macdonald,c4023693-5ec5-4c4f-83b7-15a3941c5e94,US,North Dakota,Thomasburgh,Government,<15
c0ef66d3-f681-4ad8-bc37-827001abad6f,"Perez, Nguyen and Dunn",7df94202-e4e3-4777-8d24-c9806f6b6262,US,Montana,West Joseph,Education,>1000
e80982ae-f103-4173-81f4-7e4435fabc11,Guerrero-Bean,7ab36365-f6f6-4d51-95fb-ce4157c53247,US,New Jersey,North James,Education,>1000
47f3332f-5f4d-4f2e-b7cd-fe43b184d99f,Cruz LLC,fc6510ed-228e-4248-9c01-1f55a66f2cbe,US,Alabama,Port Donnamouth,Government,500-999
94fe7ca2-8489-42ac-82a6-e6f25fa96310,Cohen Inc,341d1d80-89d3-4c6a-be81-510bec711251,US,Colorado,Edwardsmouth,Information & Telecommunications,<15
2eeb96d4-6c1a-4e4d-b0ec-f337af8c0de8,Welch-Miller,61825e76-d899-439e-af3d-14d7604d943e,US,Iowa,New Meganport,Education,>1000
bbdbf168-1f10-49c0-a745-50755d863144,Hogan PLC,3a132418-5792-44f3-8af4-67f6468aab4e,US,Florida,Lake Ralphberg,Education,<15
ad4f0681-6ed9-4835-90ba-024cd24eccb9,Le-Mitchell,aa9a052f-e71a-4b56-a671-53e8e1ef40cd,US,New Mexico,Wrightbury,"Retail, Wholesale & Manufacturing",>1000
9758b513-7876-40f3-8aef-7e60a74277f0,Huynh Ltd,d185dfca-20c5-4610-8511-8dec317fcd83,US,Hawaii,New Lorishire,Consumer/Business Services,>1000
3eef86f1-f1ac-4403-babb-4ca73e377cb0,"Fischer, Stone and Walter",305bd79d-32ec-44d0-bc3d-236669006206,US,Florida,Lake Ericmouth,Education,500-999
ebc6ed13-74c4-4cff-b29a-4e9ae3731e39,"Davis, Silva and Gibbs",ec849077-8de1-42ae-8c0d-f7f1a09b7976,US,Oklahoma,North Frankmouth,"Retail, Wholesale & Manufacturing",15-99
11ae4441-0076-46b8-9eaa-36074f81ac0e,Jackson-Vaughn,2965d0f0-8130-48c3-9d98-4c2fe457c94e,US,Vermont,Michellebury,Consumer/Business Services,<15
ce3343d2-0e9c-4c3a-8eb8-b55269f88dcc,Jensen Inc,4c40f166-e8cd-42e4-bdc2-bc26fd91551f,US,Connecticut,Greenberg,Consumer/Business Services,<15
0d75c697-4441-438b-9a11-b7952de03b3b,"Fitzpatrick, Boyd and Dudley",f88a2436-9739-4307-8572-79cd31e731a1,US,California,Lake Gabriel,Information & Telecommunications,500-999
9be0dc88-1819-46a3-9a65-293e603790c7,"Howard, Wilkinson and Silva",d0f488f9-2295-4034-8dc7-20bd85f4b7f7,US,California,South Michaelton,Education,500-999
ec915d69-b7d0-4ec6-b256-757b70cd6922,"Herring, Sheppard and Martinez",df6796a0-92b2-4a61-bf04-2af619e408a3,US,Ohio,New Andremouth,Information & Telecommunications,100-499
0c0539de-4a0b-44ad-8285-f0c4ddbde5cb,"Davis, Ruiz and Brown",ab86e8ec-2a6d-4cdc-8ab9-225b3e9bc5ba,US,Massachusetts,Debrafort,Consumer/Business Services,<15
8c6084a6-2768-4cef-94f4-6988bc510dc2,"Roberts, Mitchell and Bowman",485b8ead-8099-491f-83a9-9713ef365fc6,US,Texas,West Christian,Transportation & Logistics,15-99
beb15a8c-b35d-4794-a08b-bfb7f18bb35c,"Wallace, Perry and Hunter",452f1f5a-505d-49d2-aa49-78c1b6958874,US,Wisconsin,South Jamesburgh,Other,<15
66d8f614-9bbf-4dfc-855f-3cb23aa270cf,Barnes-Jones,bbba0e4c-2fb6-400c-aab0-f042f6fed43d,US,Arizona,Audreyland,Consumer/Business Services,>1000
8a127d79-cfda-4ac0-bb72-18a0232de15d,Cook Inc,e074169b-dce3-414b-80ca-99ab7c4fd799,US,California,Lake Daniel,Consumer/Business Services,100-499
ebc161e4-18bd-4407-88b8-1ad142e76717,Daniels-Watson,ab5a54a7-1665-467c-a805-baa41c61d3e3,US,Tennessee,New Mikeland,Construction Contractors & Services,500-999
434be876-0578-45a8-b1e6-9ed3f47e079f,Johnson-Stewart,b9f32900-ffdc-4ffd-b2bb-8d7479e53a31,US,Nebraska,East Peggyland,Rental & Leasing,15-99
471526cf-470e-43d2-bb9f-abd8f0e53d03,"Peterson, Watson and Webb",aaa0abdc-1bc8-4d7a-a203-340a50eea935,US,Oklahoma,Lake Daniel,Education,15-99
c5c33ded-c6a6-422e-b094-779fc6a76dcd,Munoz LLC,13489810-cfd7-44b9-8d4d-ed808c9ef1a6,US,Hawaii,West Jessica,"Retail, Wholesale & Manufacturing",100-499
659f69af-320f-44a5-a5e4-9bb1ac8fe9c4,Smith-Flores,9c7c161f-0bc3-4526-a26d-a95c6074dcf2,US,North Dakota,Theresaburgh,Government,500-999
f30c8370-c422-4e00-81a4-869aacdf2b80,"Mcgee, Nelson and Morrison",f6408cea-d574-472a-8a91-46713fd4638b,US,Delaware,Contrerasside,"Energy, Utilities & Mining",>1000
040fdec0-4b9c-4594-802c-bd9dcd5e0f4d,Miller Inc,85a47fe8-9ff6-4f69-8714-c97a64d37077,US,New Mexico,New Jessicahaven,"Retail, Wholesale & Manufacturing",500-999
c96c434d-20ca-420b-9399-b9a7894b0062,"Curtis, Guzman and Smith",46afb4b4-779f-423e-a965-1cb168112b6a,US,Rhode Island,Briggschester,"Retail, Wholesale & Manufacturing",<15
b575bb5b-fd17-4dc5-b9d8-3fbe61f30907,Ellis-Williams,a5c7688b-8e9a-447d-b1a5-7ad781810bfc,US,Delaware,Huffmanberg,Information & Telecommunications,500-999
27300db4-ec60-4d14-9f0e-904041914cb4,Taylor-Moses,571ec016-e932-4057-83f6-ac9dffc60a91,US,Alaska,Lake Michelleberg,"Energy, Utilities & Mining",>1000
42079e5b-2f14-41c6-939b-525f5c9fc5ed,"Owen, Crawford and Johnson",b5856380-c1c7-43bc-acc0-4b6786ecbb97,US,Maine,Miaton,"Retail, Wholesale & Manufacturing",100-499
b2b3e6ec-cbaf-4dcc-9859-8c1194f51651,Walker and Sons,4767c0fd-f8b3-4ab7-99e3-266c7eeb299e,US,Washington,Davidfurt,Transportation & Logistics,15-99
3d440e67-4339-4c4b-b622-3445df49f616,Marquez LLC,1f83d538-fbed-4bc3-b06d-8ff942b31175,US,Idaho,South Jason,Government,15-99
523fed7f-1c78-47cd-9dcb-e5583610b9a9,Oconnor Ltd,a44a6bb6-5867-412c-acb5-fa730a087b91,US,Ohio,Santanastad,Transportation & Logistics,>1000
6c20b30c-3efb-4dd5-9718-0f8ca3847c1c,Hurley Inc,5dc60d3b-4e6f-4613-bcae-46884ee93bdc,US,Iowa,Lake Loriside,Transportation & Logistics,500-999
33374c99-1df0-42e5-a795-8ae927e40d6f,"Carter, Jones and Rodriguez",c1fdcb23-c19f-4c3b-acf0-cf413f232b1b,US,Maryland,Meganview,Consumer/Business Services,100-499
9ba6ef98-28cb-4fed-a9b2-6816a9c6810f,Rivera Inc,e57f31d4-935f-4fcb-a773-96b576acd4f0,US,Georgia,West Tammy,Other,<15
a19ff6fc-96b5-4b7e-a13c-5e3db29b2ef3,Duncan PLC,57e4c1c2-782d-49cc-b805-17042ccc400c,US,New Jersey,Port Mary,Consumer/Business Services,>1000
72ca4a30-d368-49a6-bea4-677f97553258,Martinez-Hill,26e7e0a6-6904-4121-83f3-a988cf323fa5,US,Rhode Island,Dillonland,Education,100-499
f5134f02-cbe2-44d1-807b-bc639ebbcdc3,"Barnes, King and Spence",899ce531-af80-48e3-a110-57cef024d46c,US,Wyoming,Port Richard,Consumer/Business Services,<15
dff0eab0-ebeb-4ce2-89d9-853f0a8f21fd,Copeland-Stewart,008d0433-c33d-4f24-ab6b-f978341b86ca,US,Wyoming,East Teresamouth,Government,500-999
acd64573-28b7-42e7-a762-966a3e434d4d,Parker-Jefferson,6f5da033-1361-4682-8acc-5716ccfeff04,US,West Virginia,Lake Ryan,"Retail, Wholesale & Manufacturing",15-99
508dbf17-8006-4999-9022-4447fe03a2eb,"Washington, Crane and Scott",11c5fe03-2164-4005-a8ab-c7b2eb9fbac9,US,West Virginia,Lake Cynthiaport,Construction Contractors & Services,>1000
5b33ff00-a012-4340-90d6-e9db7a40b8fa,"Hanna, Taylor and Stephens",d623a562-b72d-4cc2-9cbb-ceaf46d38f3f,US,Alaska,North Evan,Consumer/Business Services,>1000
a84850be-65c2-497b-93e0-e09702772946,Bauer and Sons,912771b0-ba42-4114-85bd-e6991ae1b3a1,US,Montana,Hollymouth,Education,500-999
a63bf037-3e04-4862-b978-b6b3a98d5e6f,Scott-Cuevas,36cad925-62df-4861-924d-1da9d2c98fad,US,Massachusetts,Lake David,Transportation & Logistics,>1000
15eccb8f-22f2-435e-a026-7db706f51d2c,Jones-Phillips,11b1e9d9-28d4-4bb1-a0cc-bed6502199b4,US,New York,New Joseph,Transportation & Logistics,500-999
9ea495fb-9134-4c1e-9e16-555d29200d77,Wade and Sons,064fa522-022c-49fd-987b-29e72f6a4230,US,North Carolina,West Lindamouth,Other,500-999
4e3aff30-f9a8-44bf-9566-9a30ced80635,Howard Ltd,c2a92beb-0ef5-4f28-99ee-f69367140f88,US,Indiana,Hubershire,Education,<15
ad321282-5b50-4993-ba7d-7e3272d932af,"Scott, Bailey and Carter",15b8f2e0-a98c-4e4a-8088-2fab35d0200f,US,Hawaii,West Davidstad,Information & Telecommunications,500-999
01542d78-ded7-4ff5-bc7c-e98c001074a9,Smith-Watson,66c34880-accc-4c1a-9ea0-48595f18435e,US,Maine,Toddfurt,Transportation & Logistics,>1000
5bfe893b-0760-4d40-9321-b473690661bc,Smith-Terry,8c9d9025-1484-4838-8f20-e782ab8ae103,US,Connecticut,Lake Sethton,Construction Contractors & Services,<15
ce712d43-2aba-4b48-8d47-0cd35e061ae8,"Clark, Mejia and Sawyer",467031b1-3778-4fba-8730-9f4aeb51c28e,US,Pennsylvania,Millerside,Construction Contractors & Services,>1000
7d2740a0-5b91-4feb-b6f6-879502212ce1,"Phillips, Cooke and West",244963d1-50ec-4834-bcd5-7de19686b0bc,US,Hawaii,Hodgesburgh,Education,<15
bd5b3bae-a34a-457e-a903-c4ee40752aa3,"Nichols, Williams and Wilson",f2ad6c72-73b1-48d0-8a4e-de42073af7fb,US,Arkansas,Aprilview,Other,500-999
f885a510-e1d8-4e50-8716-d9f9a01aaf05,Zimmerman PLC,14da9b5a-49ea-4f45-9076-51f4709453b7,US,Georgia,Tanyaville,Rental & Leasing,500-999
e407588e-48b9-4449-b854-952fa2f6dc30,"Hill, Powers and Rodriguez",16ba1977-bb5d-409a-9f28-de7d343b0b9b,US,Vermont,Williamsstad,"Retail, Wholesale & Manufacturing",500-999
608c28cd-bbe5-4e3c-817f-34c0d54ee19e,Fuller Ltd,32f9a26d-4187-400a-ba00-968c5993226f,US,Texas,New Lawrencemouth,Transportation & Logistics,500-999
4186b05f-391b-4d35-a35e-ccbc5747c1c2,Harmon LLC,de11631f-5418-414b-a292-ffba5fac2bc2,US,Tennessee,North Jesusstad,"Retail, Wholesale & Manufacturing",100-499
e0c24b8b-8f1d-49d1-8162-a56ba850dd69,Lee-Pratt,a7ca4b3b-0fb8-4d95-be4a-c12a7c6f63ea,US,Georgia,Heatherside,"Retail, Wholesale & Manufacturing",<15
c908a850-3b40-4673-aeb2-83501f248616,Kelly-Foster,ec0c91e1-b8b3-4fa4-bf37-b9a0e7e45f1b,US,Nebraska,Campbellstad,"Retail, Wholesale & Manufacturing",500-999
1fe6394e-1b3e-487f-92e5-70742b8f0c81,"Dunlap, Robinson and Davis",da7d5280-8949-4753-a357-9c5c8ac27288,US,Pennsylvania,West Matthewbury,"Energy, Utilities & Mining",15-99
b2cfc102-81c2-498f-8e63-860ce5fd35b1,Moore-Freeman,4ce6d2d2-1a6b-462e-9e4f-a826f57bae4f,US,Colorado,Bethanymouth,"Energy, Utilities & Mining",500-999
6a8374d7-6c40-420f-9c15-6277f1901aea,"Kaiser, Walker and Gomez",595c6c79-be51-4cd9-acd7-a0b5669724e2,US,Wyoming,North Rachelchester,Transportation & Logistics,500-999
6ffa09f9-057b-413c-b5eb-d56b3c217212,Allen Group,67370f42-7d65-4313-b530-e885ba5e8225,US,California,Duranfort,Rental & Leasing,15-99
5236fcae-9df5-4f0d-ba3f-939484c5f8ac,"Winters, Smith and Schmidt",f179a9cb-d1ae-4d88-bcbc-01332e5e5ca5,US,Maine,Angelaville,Construction Contractors & Services,>1000
a33ea860-0152-4011-9fea-6b2d3d25c08e,"Stewart, Harper and Carpenter",35b9974f-7a71-4069-b8ad-073bb5edba9b,US,Oklahoma,East Gerald,"Retail, Wholesale & Manufacturing",>1000
4622486c-8252-44b2-908f-be7fcc0e2ffc,Mason-Martinez,99353e2c-8517-47d9-a1fe-9881e59ace56,US,Delaware,Stephensonville,"Retail, Wholesale & Manufacturing",500-999
309c65da-4b1a-487e-a839-8815906842e4,Poole PLC,6a14b3e5-a885-4cc6-bce9-369bcb6623a4,US,Michigan,Georgeville,Construction Contractors & Services,15-99
864a8449-ad92-4272-b908-47d7c4b347b9,Hanson Inc,2f3c830a-1868-44ea-bbee-a4c1a3af7733,US,South Dakota,Lake Gina,Rental & Leasing,15-99
f74d1c7f-a2cb-4810-9e21-b0a275ef9478,Bass-Hunter,dc494193-d19a-47f5-8d45-cc630a9898fe,US,Idaho,Lake Kim,Consumer/Business Services,500-999
0511d8e2-7f8c-460a-a09b-357dd1f652a5,Parker-Sanders,1fa20d77-036e-4a42-a20d-23baf6d16167,US,Minnesota,West Kathyburgh,Government,500-999
78597c79-590a-4896-9e1b-c9ec955d5d87,Vaughan-Sullivan,72454ba2-dd06-451c-95df-2b4252a98879,US,Minnesota,Tonyaville,"Retail, Wholesale & Manufacturing",500-999
cdba34f1-df7c-4653-b773-cacc8bc0eb98,Bailey LLC,0fdff20b-7ead-47a8-b176-7c70367fa35e,US,Kentucky,New Valeriebury,Construction Contractors & Services,>1000
1716072b-9821-4088-9f96-3935fa5b0317,"Vega, Suarez and Woods",4a7c3a76-88ec-41d6-af41-ca31b7fd418e,US,Wisconsin,South Samuelhaven,Government,<15
bad16d08-5a74-4cef-ae66-8a17ec3e112e,Meyers-Murray,d8d7bba2-14e1-4fdc-8404-099f82cd6fd0,US,Vermont,Lake Frederick,"Energy, Utilities & Mining",15-99
23e16290-0f7e-4826-aa72-8db27e169447,Moore LLC,b6fc7919-a8e7-4c4e-b767-5cbf4eb6ed26,US,Virginia,Marktown,Consumer/Business Services,<15
6009ca72-d691-4d4e-9f69-84252de57bc0,Donaldson PLC,4dd30f0a-2e84-4a96-8210-bf0af1610428,US,Louisiana,East Vanessa,Rental & Leasing,500-999
82875934-833b-4212-aa24-68070b11e494,Ryan-Rojas,d8308e98-650f-4336-a6ea-41a8b9c23f98,US,Utah,North Andrew,Information & Telecommunications,<15
0690af55-ebf2-4dc2-8e7c-ace3bdfe4a97,Owens-Allen,84422c08-c8e2-4968-95be-087b684f491b,US,Minnesota,Ryanberg,Rental & Leasing,>1000
d50ff0a2-e7dd-4e9b-95e5-a216505bb409,Hancock-Flynn,a253bdc8-72f6-4e4e-a65f-7a85afcc1897,US,Arkansas,East Kristinaborough,Rental & Leasing,100-499
81eeb9b5-823e-4873-b50d-1080775a5e23,Raymond-Johnson,3949cc00-61fd-41ea-8dcc-41d167d7a2fd,US,Delaware,South Angela,Transportation & Logistics,100-499
2c9565b4-2f58-4e20-839b-f9a2374c89be,Jefferson-Villarreal,5a98a6ff-067b-4c05-a496-44b166c1821a,US,Delaware,East Loristad,Rental & Leasing,<15
b690a5bb-27f5-40d2-9f9e-3244a7088449,Harding Group,209d8730-c412-4467-be90-8d0d99bdf7db,US,South Dakota,Cuevasmouth,Information & Telecommunications,500-999
ddb4d673-7201-439f-af8b-1e223d342d1e,Gibson PLC,29019048-cc18-457d-a95a-de369a13ee96,US,Utah,South Randymouth,Other,15-99
83782a39-b756-4a27-a839-f1114df86e34,Taylor-Carson,7904e0e7-ca56-4cba-8028-1c12c2e6c8d9,US,West Virginia,West Mirandashire,Construction Contractors & Services,15-99
757014b9-62cd-4e45-80b5-2215aa576bea,"Castro, Rogers and Hughes",b6dbab1f-b585-4854-9be9-509a090982c4,US,Arkansas,Brewerport,Information & Telecommunications,>1000
9c7ab607-c571-474b-8a5d-153036e284eb,"Palmer, Singh and Bryant",6adf23d7-a6fa-4768-ab7a-3b2958f385fd,US,Hawaii,Jenniferborough,Construction Contractors & Services,500-999
340e0a5c-57ea-45c4-aef3-caf5c8fe1434,Thompson-Preston,03cba92b-3b85-4ce9-a6cc-412564ffd5da,US,Tennessee,East Heather,Information & Telecommunications,>1000
c99c5fe8-adfe-4e8f-911c-64347cfb2fd7,"Lowe, Nguyen and Carlson",604d1923-b244-43fc-8865-73c7ee35330a,US,Wyoming,West Erinstad,Consumer/Business Services,15-99
0190ec8e-3062-40af-be9e-c2b62fa8e81e,"Evans, Carter and Green",060c990e-706b-49c2-818b-9a2ee39c1605,US,Hawaii,Joneschester,Government,15-99
74a895f6-d513-4855-8f36-ad7f90a2cd09,Flores PLC,0644a675-c608-4621-8912-f81514c8c7ad,US,Virginia,Greenbury,Other,<15
a7122e61-ebe9-4342-9c06-f826881a1cbe,Davis-Nichols,87cdb00b-516c-4e85-8077-2e6f6419eb15,US,Hawaii,Alexisbury,Rental & Leasing,100-499
22245c6d-aec3-4eab-b579-897a2526d79d,"Morgan, Simmons and Bush",3708a46a-fd88-4f67-bc90-348bfd069ce1,US,Maryland,Daniellebury,"Retail, Wholesale & Manufacturing",15-99
e9b227b7-0478-4ec6-9d6d-db3313cca09a,"Mills, Knight and Wilkerson",43172bf1-6391-4f24-bacc-7672528a5de3,US,Alabama,North Stephanieport,Government,100-499
a21ae15b-a5fb-4118-bcc3-c3436e628be7,Ward-Rice,0320c0b0-45dc-4b7b-a43d-a3672f7dd070,US,New Hampshire,South Bryan,Construction Contractors & Services,100-499
f6abd591-8890-4543-acf9-f72e4f2f2747,Branch-Harmon,8339dfb7-6917-43c0-b1a8-d6f68954bf65,US,Wisconsin,East Natalie,Rental & Leasing,100-499
feb35b81-d840-4fdd-80cd-2f157751902a,"Jones, Hart and Melendez",dcd55e16-26cd-4235-bb55-555ddb965c52,US,North Dakota,Lake Christine,Rental & Leasing,100-499
b31c14b8-0975-46c9-a355-378957f4bc58,Prince Ltd,e1a8a2e1-dbab-46b6-aced-93ed4ae84d5e,US,Missouri,South Kathryn,Information & Telecommunications,<15
4666cdc7-8b98-459e-a829-a168f4302275,Duffy Group,40feffa7-7937-4281-8031-d6d8b7bc5933,US,South Dakota,Smithshire,Transportation & Logistics,15-99
5642ac62-e903-4229-9b79-bd760feaa131,Griffin-Powell,0f0155bc-373d-4956-804b-875a00fa3ac7,US,North Carolina,Davidborough,Consumer/Business Services,>1000
a7aeebb3-813c-4bb3-8a0b-34a261650cad,Young-Rose,1a5177f4-6b21-47ed-b801-90826d67be93,US,California,Reeseton,Education,15-99
13816bb3-3093-4569-968d-237e80dcd56a,"Scott, Whitaker and Mills",4c00aeb9-229c-4e35-be52-a8bf7f7f6178,US,Louisiana,Josephmouth,"Energy, Utilities & Mining",100-499
837826a0-9646-4587-a30d-597c4dd9aad5,"Thompson, Ballard and Palmer",13af6988-d9d6-4ecb-8441-3cc8d3975f78,US,Idaho,Isaiahland,Construction Contractors & Services,15-99
628f2401-bb99-467a-9841-dd8348ac6f5d,"Garcia, Bell and Burch",b1c32f04-8de4-45b1-8c3d-b5de65cd855d,US,Washington,Charlesburgh,Transportation & Logistics,100-499
d753a30a-fae1-4a7c-98a1-b2adfba29db3,Love PLC,780a236b-4c91-451a-b67f-f46e344fb1d0,US,Wyoming,Stevenside,Information & Telecommunications,100-499
370e3732-1d47-4f9e-af5c-604b252d62dd,"Park, Moore and Lewis",a805c214-6d8e-41d9-a83f-3875580a6cf2,US,Hawaii,West Jonathanville,Consumer/Business Services,<15
f12c763b-9802-4ae4-81a2-7901215921a1,Simpson-Zimmerman,88ac81e6-0ad3-4bb8-ad7d-afcc05913791,US,Maine,Andersonshire,Other,>1000
17ee86bd-4f2b-4d65-babc-aaf9d699484f,Walters LLC,60437fd0-4e55-40e7-a75e-45c03a709ea3,US,Colorado,Lake Zachary,Education,500-999
2ea0b468-3832-4617-bb7a-a96ebc6e783e,Carter Ltd,42d22493-f57d-42dc-bdcb-bc8f30b0882b,US,Alabama,Donovanville,Consumer/Business Services,500-999
2d3c1384-6281-4267-8c06-7b222aa5a79b,Holt LLC,177bfd89-406c-4e35-b069-31b90d0ec8b6,US,Wyoming,Chasefurt,Education,15-99
ad490787-b1a8-49b5-9185-0c9982ee695b,Wise-Ferrell,7e46fa53-74ce-420f-9f8a-fcda0a190dc9,US,Louisiana,Aaronport,Education,100-499
774577fc-3d3b-4674-848d-c70c46d580cf,Buchanan and Sons,a8b9865b-aa95-4048-bbd7-d4c9b9c0df59,US,South Carolina,Turnerbury,Transportation & Logistics,500-999
9f490eca-ce64-45fa-b9ca-57a7db8a0254,Jordan-Schmitt,2f10f09d-48d8-428a-a4c9-25e50833b198,US,Alabama,North Michael,Information & Telecommunications,100-499
2222bb45-5336-48a6-99ff-8cf360318c3e,Rogers-Gomez,e83b6867-c557-41c3-a13c-f3ef9ab4285f,US,Mississippi,West Ianhaven,"Retail, Wholesale & Manufacturing",15-99
a3e8b847-0c9a-44a9-8a25-7e08924f8bcd,Clark-Allen,d1b92fb5-9b46-404c-8cbc-e43090a26a2d,US,New Mexico,South Sharon,Rental & Leasing,>1000
5754af30-751d-4406-a2fb-54484c3d7783,Cohen-Ferguson,38d25d39-11c8-4b26-9b9f-ea77b1a92094,US,Louisiana,Port Timothy,Consumer/Business Services,>1000
f7b52afa-f155-4d4f-8f90-f950b2a9c67a,"Sanchez, Conrad and Roy",ac9d93cc-dfea-41a6-88c6-9667846ba321,US,Washington,Joneschester,Consumer/Business Services,>1000
f35be5cb-fe1b-4c2f-a2e2-b832b79d015b,Friedman Ltd,64c965de-9f5f-46e2-a568-85ab2502fe27,US,Kansas,Donaldtown,Transportation & Logistics,100-499
9b77864e-00ea-4525-9469-15e1ee4b3d68,Henry-Coleman,9e13949b-3c0e-40b2-8715-815c1f55a664,US,South Carolina,Trujilloview,Education,>1000
23be6247-5789-4242-9d03-6d04f3a2fe83,"Smith, Martinez and Crawford",9c75c6de-4598-42bc-ad00-f18d309c25cf,US,Arizona,Franklinview,Transportation & Logistics,500-999
491f70cd-5a5d-4213-86d9-1879d183063f,"Parker, Nguyen and Frazier",6ebaa625-5133-414c-a32c-e7f8ca3e296c,US,California,Michaelville,Rental & Leasing,500-999
3685c39f-0d70-4060-9805-753776aa5097,Clark Inc,b87f7f1a-5eea-44e4-b84b-2f35c349f22a,US,Texas,New Brian,Government,15-99
8087af83-b22c-43ef-a7b3-469cf187fd30,"Williams, Thompson and Thompson",8419eec2-17c1-487d-8acd-b2438e821951,US,Nevada,West Melissa,Construction Contractors & Services,>1000
080f7b05-50a7-4e5c-a809-49b36c578a10,Weeks Inc,19bb1466-24a9-44bf-b3d1-ee2f3f6b535b,US,Maryland,Kingport,Transportation & Logistics,100-499
563e1d2c-51bc-42e5-af20-1a0043c6cd43,Frank-Whitehead,b6eda895-793f-410b-a414-0e7bea1737ae,US,Delaware,South Nicolebury,"Retail, Wholesale & Manufacturing",100-499
10996b05-5bc7-4e87-8333-9c14d0027e58,Gordon PLC,c12e6b34-0ea6-47ad-9478-f4a82b16ed08,US,South Carolina,Dudleyshire,Information & Telecommunications,15-99
c8a8d0aa-5cc7-4813-bb08-d1dcb16b359e,"Cannon, Meyer and Adams",58bc1b69-c4cb-4b64-a350-e9816f5f973b,US,Tennessee,Turnermouth,Education,>1000
5895d26a-e3c7-4bc5-b089-51eedf03a0e6,Melton-Townsend,1d804b03-a2f4-4a4a-92b8-7b5f08afa007,US,Wyoming,East Brandonland,Government,500-999
b3cfd3a6-bf24-4b12-aba7-0046e326430a,Gray LLC,5818ca5a-126b-4310-958f-69f97965061c,US,Rhode Island,East Stevenburgh,Construction Contractors & Services,<15
61edf2cb-6c0e-4b12-a9d7-53d51270bff8,Hobbs-Robinson,8991be74-7432-4a91-9907-fe88d6b29112,US,Florida,Port Peterhaven,Transportation & Logistics,>1000
405b17a0-15d9-46eb-bfc1-668db24c8c42,Smith-Mack,2e74c327-edb9-4ecc-8cbe-65a0eb5a4696,US,California,Phillipfort,Consumer/Business Services,500-999
2384cc70-9392-4f12-8540-6ec58ef0160b,Barnes Group,29b5fd51-be57-451a-b254-aab74585b538,US,Florida,Loveburgh,"Retail, Wholesale & Manufacturing",>1000
70944d40-2599-4f77-bf82-146e42b19dfb,"Mitchell, Santos and Morales",1665fe53-ceca-4663-abc4-f84fc456679a,US,South Carolina,Port Margarethaven,Construction Contractors & Services,15-99
55c5eea2-a6fe-402c-837d-346871932bbd,"Coleman, Kemp and Hill",b660bcef-edbc-419f-b495-64250a744ddf,US,Ohio,South Gregory,Information & Telecommunications,>1000
3744625e-9456-4da5-a4a1-519c95c9a9a5,King LLC,3159b2b7-07dd-4e93-9c35-cdb78fda4a66,US,New Jersey,Smithburgh,Government,15-99
0482feb5-339c-4e1b-aaee-d7bfcf6d131c,"Rose, Lang and Black",99025041-ca93-45b0-8e0a-3361944aba45,US,New Jersey,Lake Robert,Information & Telecommunications,15-99
ce6be5cf-1e6b-4596-9d6d-81339d970029,Butler Inc,793f15f5-e9aa-40ed-b5b7-5ad7bec7eef6,US,North Dakota,East Jennifer,Education,>1000
90a2f06e-50a3-43f0-83d0-3c212bb376ff,Fisher-Holt,be598bc7-5660-49bd-ac5b-4092f827a635,US,Iowa,Taylorland,Transportation & Logistics,15-99
a318e3fa-2c0e-49e7-b824-b940dc5f6dec,"Gould, Webb and Arias",898c8b4d-16d9-4b51-bc60-917f218ee387,US,Michigan,Lake Zacharyfurt,Education,<15
2d9ca526-4d73-4c66-8ac0-ed4a50cd67c3,Green-Green,bb584585-dc89-4ea4-8691-80e6efcf10e0,US,Texas,Sheppardville,Construction Contractors & Services,100-499
8e681401-775d-4c19-b3a6-9ca5325eb1ac,Collins Inc,27f108f7-749a-4372-a0ca-5792c91e09d9,US,Kansas,New Sarah,"Retail, Wholesale & Manufacturing",<15
8d6397a5-b500-4e52-86c1-cd0bc97c0cd9,"Gonzalez, Green and Carpenter",3e8010f9-49a3-47d4-b687-05315470411f,US,Arizona,New Jacquelineton,Other,100-499
4adbe3cb-b25d-4b0f-b478-08578e6f1cce,Ramirez-Silva,b6ae945a-761f-4fbd-889d-a67ed4f77e41,US,New York,South Matthewbury,Consumer/Business Services,<15
cc330095-efc0-4269-a787-4f3440231b52,Preston PLC,c8fb740c-5837-4704-bb3f-6e7dd5c0ab1f,US,Vermont,North Desiree,Transportation & Logistics,500-999
360c94da-c027-4373-8848-c7adb7d6809d,Rodriguez-Cervantes,ee17144a-df56-485a-b190-42df3d82f882,US,Arkansas,Parkshaven,"Energy, Utilities & Mining",<15
3c5c2e4d-d5e1-43e2-9372-9fbc00fda77d,Blackwell-Haney,584df114-bdcc-4990-b085-63efed74b4cb,US,Utah,South Robert,Transportation & Logistics,100-499
096c89c6-39cd-467a-a03f-a3db8f96843e,"Powell, Newton and Lindsey",e9734ae9-be10-42c2-84d5-d8123fa9104c,US,Kansas,North Daniel,Government,<15
b8199172-a7b1-4808-9b61-5ce754ba7986,Richards Inc,921361b7-bc52-42dc-a65e-8fe8a89c0864,US,Kansas,Millerton,Education,<15
87d06ffe-4713-41e2-9dc1-18edff55b079,"Owens, Smith and Clark",030f08d0-0835-4d67-b2cc-1f6befe5c473,US,Oregon,New Jennifer,"Retail, Wholesale & Manufacturing",100-499
ea80b8c9-4566-4100-ae27-899b66349210,Moore Group,ddd67f28-2c4e-4141-802a-c28bd336d36a,US,Montana,Ortizland,Rental & Leasing,500-999
41b81518-7e60-43a9-8aad-48e73e5097ba,"Murray, Castillo and Jones",8c47d2b6-407f-4ee6-af47-9340c8c38813,US,Indiana,Myersland,Other,100-499
2c61a823-152d-4c90-aac3-9ecd4113714a,Camacho LLC,f1ed2eed-fa92-43aa-a039-cba6b785908c,US,Vermont,Port Justinfurt,Information & Telecommunications,>1000
673aee63-7544-488b-812a-97516a8e7eb9,Gibson and Sons,4b527987-7fcd-4c14-a7a2-caaa9d78e978,US,Alabama,Rodriguezburgh,"Retail, Wholesale & Manufacturing",<15
7be5c59e-84de-44a5-9601-1dcd0ccc3594,"Vargas, Nguyen and Orr",e7cf16c1-e020-445c-8dc4-87500951369e,US,Texas,Frederickport,Information & Telecommunications,500-999
9db2ff71-16f9-4b98-b8bc-63af63874f31,Mcmahon and Sons,31c43c95-5ba6-45ec-b88d-80b898f64512,US,Hawaii,Jesseside,"Retail, Wholesale & Manufacturing",<15
54b17896-395b-4f22-8c13-332ec2476d70,Garcia Group,0c3ad08c-918a-4f8b-9303-020acaf60615,US,Rhode Island,South Nicholas,"Energy, Utilities & Mining",500-999
56cea5b4-a848-4fec-a64d-96549cae3714,Garcia-Torres,643b40de-b6ab-44fc-9ebc-77656f7fd140,US,Hawaii,South Justinport,"Energy, Utilities & Mining",15-99
6b6fe7d4-1fc8-4680-a5db-91d483df3de6,Luna-Gutierrez,2cb5b2f7-ad90-43fe-9097-362201c9fe55,US,Delaware,New Daniel,Transportation & Logistics,500-999
fa235b1a-c6c1-4608-bdbf-882d2c298fd9,"Simon, Smith and Dalton",b9b0ef23-f5c1-4015-8ddf-dfc578730e65,US,Pennsylvania,Hamiltonside,Transportation & Logistics,<15
39d16229-1b7b-4634-b0db-224187f59a3b,"Lane, Silva and Wise",30dc0eb9-0f50-447c-afa2-246ed565fe51,US,Alaska,Josephfort,"Energy, Utilities & Mining",>1000
3237a201-34b7-4c4c-85da-dc2de93583a9,Bates PLC,9c54fbff-9e40-4f7d-a25e-43c41f7f4e2a,US,Texas,Rangelmouth,Transportation & Logistics,>1000
41b986b6-5768-4a9e-b261-dc08c5432c9a,"Logan, Carpenter and Christian",d95792df-52b3-43fb-8101-0761d478dbbc,US,Maryland,New Nicole,Construction Contractors & Services,500-999
a84930a5-63ab-4d3a-a35c-280079dbcfc1,Payne Ltd,b95325d8-f6a8-4ddb-b421-7f751cfb7ed0,US,Missouri,Joelfort,Rental & Leasing,>1000
ea4292bd-30f2-4fc4-94cc-9235c1d2db8f,Ibarra-Mann,67662c2b-d031-4415-b43c-3500729302f7,US,Pennsylvania,Gallaghershire,"Energy, Utilities & Mining",100-499
232ee9a4-8307-48d8-8fe3-64f9aed2349e,"Jensen, Martinez and Rogers",22283a23-e647-45e1-9d6e-58b57946d4b1,US,Montana,Robertsonville,Education,15-99
77de85f6-cb9f-4be9-b1eb-a09e5515682c,Levy-Garcia,0d8d4189-65fd-43b4-b9c7-267e16733cbf,US,New York,Port Richardtown,Information & Telecommunications,500-999
48110f46-b53f-4ceb-aefd-047880684956,Gallegos-Hall,b8d1b8be-5d8b-46e0-9721-d553e38e4bdb,US,Alabama,Port Jacobton,Education,>1000
15a016a1-0526-4248-8ccc-b13938281068,Mcbride LLC,c86fa50a-4c5d-44d5-9b88-b2e591ee0420,US,Montana,East Jordanport,Transportation & Logistics,500-999
378c6aff-60f6-4270-9631-ee827ad5ee9d,Alvarez-Little,e0ceee07-b5b0-4742-b996-29a73b4555a4,US,Wyoming,Andersonville,Rental & Leasing,<15
784e5ea2-dea0-412f-b31b-7678d65c480c,"Flores, Hughes and Mack",a688196c-1c51-48d5-bfbc-fc3b3c071afe,US,Oklahoma,East Amandahaven,Rental & Leasing,15-99
2139ff6c-0d4e-467c-848a-55e967bdf127,Peters LLC,bd872fd6-32e2-4fdd-bbe8-9416eb71b783,US,Maine,Christineland,Other,<15
b90fe5cd-5237-44ff-b16e-5f686c0512f1,"Stevenson, Patrick and Montes",2d52c031-3b0c-444f-aaa0-560e2429a864,US,Montana,Lake Paula,Other,<15
d58c5807-c02b-4201-bb30-368f915d2067,"Cannon, Higgins and Bell",e013206c-69dd-49ba-aff2-737f16930a15,US,Vermont,Port Michael,Education,15-99
9571d11e-990c-4053-b99b-2775ffc57cff,Robertson LLC,38008eb1-e876-4ca6-85a0-86bad815f8f8,US,Texas,Lake Ericaview,Information & Telecommunications,>1000
fe460fdf-5ec1-43fe-9dd1-389b7b9fe06f,Cooper LLC,130f3813-994e-4f40-9505-083c3090f450,US,Texas,Melanieville,Consumer/Business Services,15-99
4e8544a4-c4fc-4cbd-9440-c5c7616bbd9b,Aguilar Inc,c617e496-6dcc-4073-9769-729397db8eb2,US,Nebraska,Elliston,Other,100-499
feebfa2d-da40-4fba-a84d-fa3ab8d88d4c,Smith-Mcgrath,18105cfe-d7fd-4b66-b58d-5fecf1fdfcc1,US,Kansas,Alvarezhaven,Information & Telecommunications,100-499
6f1c5f50-145a-43f4-9ed9-627e065617a0,Robinson LLC,b10074cb-2868-44cf-bd8a-814930633445,US,New York,Caldwellfurt,Construction Contractors & Services,>1000
d542c783-ac56-486e-b896-740d4d8cc1a7,"Myers, Brown and Armstrong",c6209efe-c9a9-4613-a23f-31f9e94febbc,US,Minnesota,Lake Stephaniefort,Transportation & Logistics,<15
50edd306-8d8b-4eb9-9c8d-41a788abdee5,"Blake, Jones and Bell",6dcb5306-d195-4bc3-a3bb-0070a3bb5545,US,Mississippi,Port Katie,"Retail, Wholesale & Manufacturing",<15
e741dba1-008e-4d1f-88ea-54bfcfb03b8e,Hansen-Green,282a252f-25c4-4370-ba77-acf46df1d61c,US,New Jersey,Brucestad,Consumer/Business Services,>1000
02f844b5-fbf4-47a3-9f21-a1c21b75745b,Salazar-Taylor,382bea12-2c83-4505-b7ac-163bd2b8d6de,US,Oklahoma,New Bethhaven,Government,100-499
c6730e61-e9f5-4d5a-ba80-e1204f815e4c,Wade Ltd,eb196145-b80a-4955-a3e9-0a00918bc28b,US,Oklahoma,Port Travisberg,Construction Contractors & Services,<15
be6e7f7f-18b6-43fe-97b9-e91327b740a8,"Martin, Stein and Jones",3c22e3ca-a7c2-42db-b173-cfa2aedd4825,US,Texas,Danaborough,Education,500-999
a4c57f05-c84c-40a2-a47b-e82ebab8bd7c,"Johnson, Reyes and Schroeder",3e4d1432-1d49-42cd-92d3-b004ce43ed0f,US,Texas,West Leslieport,Rental & Leasing,<15
1f3b8165-b2fb-4a28-81d6-90260884437c,"Castro, Gallegos and Mccarty",1599055c-fe09-4b26-ba2e-fe95d5558637,US,Wisconsin,Fosterbury,Consumer/Business Services,15-99
8dcfbfec-1667-4c8a-bd67-a037a50e7fba,Hernandez-Reid,324e955e-14bf-4cdc-a849-8292f9d0cb8c,US,Kentucky,Taylorview,Rental & Leasing,<15
789a9231-ff5d-477f-ab52-2dc32edb8d39,Bennett-Cline,14d52735-4974-463f-be6b-3a5fe2bd8adf,US,Michigan,North Pamela,Construction Contractors & Services,<15
539f4927-e5f6-47c1-ba86-53a3666d94a2,Harris PLC,393eec61-5d47-41fb-a131-8fe5e9a33f4f,US,New York,East Jenniferburgh,Rental & Leasing,500-999
f3471e45-bb67-4c5a-94a6-be17e073df6f,Rojas-Smith,b964a17f-d7aa-40c8-a14f-5757afc8bd16,US,Oklahoma,Davidton,Information & Telecommunications,500-999
ec0ee5cf-dc6d-42f3-a230-ae281c9f8d93,Christensen-Allen,958bb762-3b4b-4609-bea5-75a4e1160729,US,Wisconsin,New Brittany,Information & Telecommunications,>1000
d675cc7a-6f57-4e0d-a7bf-d66171fb1085,Cunningham Ltd,47f1f8fd-d73c-44af-aaab-58418a34f602,US,New Jersey,Delgadoview,Rental & Leasing,<15
fd835b51-a54a-426a-958f-af7d37ffe725,Ali-Gutierrez,c9e91167-796d-4255-8d79-a52315b6bd8e,US,Ohio,West Kayla,Construction Contractors & Services,<15
984f2306-f013-4e4e-a9c0-e5e2f6a7816e,"Miller, Black and Thomas",76caf993-30d3-4952-b713-cb103da965d4,US,New York,New Anthonybury,"Retail, Wholesale & Manufacturing",500-999
09008f23-bf72-44de-84e2-341d685e053d,Moore-Harrison,22cabce0-f15a-49b2-887d-ef650bb501e9,US,Pennsylvania,Richardtown,Education,>1000
baee44c6-72c6-4307-8398-95d09ca2bfe8,Wood and Sons,75b89a2c-c875-4f83-be13-90e2522eecfa,US,West Virginia,Amberstad,"Retail, Wholesale & Manufacturing",>1000
fd2eefcd-a1d2-4471-8f76-c06bf96d9367,Jones-Garcia,adc5ed94-941d-4412-be61-b1d61ff5368a,US,Idaho,Lake Melissa,Transportation & Logistics,100-499
c701efbd-9f34-499f-92ca-38ce2e54f62c,Smith Ltd,8a0ebc7f-9b46-483d-b2c4-c8b8c07415ab,US,Kentucky,West Samuel,Consumer/Business Services,<15
255611dc-7e24-49ff-bf49-7f27b57341c7,Anderson-Day,ff137869-260b-4c12-bf6b-82b836548fa2,US,Wyoming,Lake Melissaburgh,Consumer/Business Services,500-999
787e2b4b-277a-4037-a90c-b75820d42361,"Shaffer, Thompson and Gonzalez",f3e22f46-a180-4a49-88af-c792b3ae3fca,US,North Dakota,New Crystal,Rental & Leasing,<15
5008aba7-5e64-46d2-8195-c68788aca2a0,Shaw Inc,48ef39ab-9d1a-4aa6-9b1b-f086f88998df,US,Montana,East Marissamouth,Other,<15
0d47ccc8-0141-497f-bc2b-ac176e9192bf,"Miles, Green and Estrada",196b706a-19a8-4e49-a8f6-6469878ad2a3,US,Louisiana,New Calvinfort,Other,500-999
0ebd50c1-2885-45e2-8a08-5b310bd9628f,Briggs Group,13f2d669-69d6-44e2-8b4e-505a60ff7ffd,US,Arkansas,Phillipsmouth,Construction Contractors & Services,15-99
cef56183-3915-4054-9e92-de8226c39fc8,"Smith, Lucas and Porter",938da7e9-e498-40d5-ae0b-9ecf3643a054,US,Alaska,New Donaldfort,Rental & Leasing,<15
050f700a-06c2-45fb-b023-b2e43d95b42b,"Andrews, Harris and Scott",931402ee-7450-4701-b7b2-8d0cd3f086c8,US,Utah,Port William,Consumer/Business Services,15-99
21357fea-b535-47c6-94b6-8202c0406019,"Owens, Hanson and Young",eba4c252-bbbd-4206-ba33-0e70b16c385d,US,South Dakota,Ochoashire,"Retail, Wholesale & Manufacturing",<15
af224c96-fa76-4451-b92c-2b85ca9415b8,Jackson Ltd,d3fb8ce5-18b5-4c03-b51a-ca4a57218fc2,US,Pennsylvania,East Lauren,Government,>1000
80b74192-b8c0-4fb2-9ebd-8372b8ff04f7,Richards-Marquez,71d6a96f-4cc5-4c2c-8edf-2555c42d0063,US,Nebraska,New Lydia,Construction Contractors & Services,100-499
5f96259a-6664-40e2-8469-f553a457a0d2,Hanna-Hill,22473028-0ab5-476e-aba5-96ee7e407f4c,US,Massachusetts,New Bridget,Rental & Leasing,100-499
328deb02-f40a-43f3-b2fc-0948067d93ad,Phillips Ltd,8af31100-4d8c-4a9a-a1eb-eecd9c3f9d2b,US,Hawaii,West Matthew,"Energy, Utilities & Mining",500-999
6b53b3a8-1c96-47b2-8ad4-9fd59253009a,Kennedy LLC,d641be79-c1ca-4b6d-b932-9b92d18b3b60,US,Georgia,Port Thomas,"Retail, Wholesale & Manufacturing",500-999
bcfeca55-075e-460d-b5df-3eb3906f19e4,"Morris, Miller and Whitaker",95eab29e-19f8-47e0-bf09-3722ea66fd69,US,Kentucky,West Michelleborough,Education,15-99
c53e8ef0-0654-422b-866a-81a774d874ea,"Conway, Chapman and Harrington",f38fa7f4-b558-4436-ab55-86cf554daf79,US,Alaska,Danielleland,Rental & Leasing,>1000
27e2c538-3c08-4c31-8782-b17bc86b2961,Sheppard-Roberts,d30ecbc8-0cbc-40dd-8d50-d4c4967eb2a4,US,Maine,New Davidville,Education,15-99
51120ccb-adae-4686-8a54-a40b6af2fa53,"Daniels, Gray and Wright",2317628e-f715-476e-9708-6e1cefdb8032,US,Kansas,Smithmouth,Rental & Leasing,100-499
62f7a3b9-1089-472a-b093-a690f37d6a60,Hensley and Sons,db29ed83-35c7-4adc-8a65-829d0b465bf9,US,Missouri,Lake Samanthaborough,Consumer/Business Services,500-999
df257f79-6557-4e13-b429-a1203599b825,Conway PLC,2e83b1fa-1aae-4b9b-a327-0a0f5b1c1689,US,Wyoming,Allenborough,Government,>1000
2f222d2d-fc3d-41c3-b541-862f093deea8,Brady-Madden,6e4301a4-8843-4249-bc8a-d96e4f82eb5a,US,Oregon,Lindaville,"Energy, Utilities & Mining",>1000
0a288fa8-7c82-4904-8016-d66c7b720232,Shannon LLC,ef3c5b1a-d5b7-4b1e-9bbc-1dc08a570436,US,Maryland,Smithchester,Consumer/Business Services,15-99
6228206b-bbe5-4ac6-8b89-4662492ac741,"Jimenez, Fleming and Turner",8a8fc2d5-b8ab-452c-9450-cc554c83b6ba,US,Colorado,New Carolinestad,Rental & Leasing,100-499
4e0c8916-d470-4c27-be50-76bdfa169d0b,Morales-Brown,efdd954a-8130-4ff0-a6e9-a0011dc56712,US,New Hampshire,New Cindy,Transportation & Logistics,15-99
4200459e-686e-40c9-961a-eae297a6ae33,"Williams, Brown and Hardin",4f1c7e7f-0026-4876-9a5a-ef84fc95a901,US,Georgia,Port Nicholas,Government,<15
b55b99c6-485a-4d9b-8bde-9e27d0f53fa0,Clark PLC,a5f8ae51-139c-412b-9f64-b4a893ca3ddb,US,Oklahoma,Hicksmouth,Education,<15
98549129-442b-4d4c-a211-c092665530f7,Osborne and Sons,54c2dd1b-20ca-4f04-968d-3f5e490c98ab,US,West Virginia,East Stephenview,Rental & Leasing,100-499
7f6fd9f0-d22f-48ef-b99d-3c908b92f811,"Ponce, Davis and Lee",20b7918d-9524-49af-97a3-c5730a105da2,US,Florida,East Jessica,Education,500-999
f1f35d5d-4671-4822-8deb-90d4e3305438,Bates-Green,bb365591-4a0c-4fd5-96b4-9fdc6c0188e0,US,Georgia,Aprilland,Consumer/Business Services,500-999
d6e5b4f4-0117-42f2-9a4a-72ed0d650035,Carrillo-Morgan,dd8e2107-1eb4-4aeb-99f6-d18f828a378c,US,Montana,East Cheryl,Government,15-99
39125010-870c-4016-bb13-052477bcf8da,Kennedy-Weaver,92325478-887e-4647-8942-5f139f4eef8b,US,Iowa,Laurenshire,Education,500-999
09138d9c-8867-4348-a015-641963242c4a,Gibson-Lamb,fa8d2ea1-66a0-4bff-8680-1e85818f0b4f,US,Nebraska,Port Shirleyport,Government,<15
ef80b04b-3959-4b58-b732-e80020266093,"Trujillo, Powell and Blair",60474f70-97a8-49db-bb9e-d66dc550b32f,US,Minnesota,New Kylemouth,Education,500-999
97886fb8-8ac4-4389-891a-7489d452d2b6,Simmons LLC,5a9e9a0f-f5a5-4c79-be89-516b262619f7,US,Texas,Lake Kimberly,Transportation & Logistics,100-499
d79cce42-ca91-4331-9fcd-463ac1dedd33,Herman-Peterson,162a9cad-28c2-4b05-962e-85a33c4fb5c5,US,Michigan,Traciside,Rental & Leasing,<15
4ee0086b-ce5d-4205-8cfd-6cdb96c75648,Bowen-Patel,dfe82912-9ecf-4c48-a69f-aa868d13ffae,US,New York,Mollyton,Rental & Leasing,100-499
6d269dd9-f23a-425f-8211-2467ee6da62c,Turner-Guzman,4f4c43e0-5563-4220-b0e9-b1b8ad011b49,US,Wisconsin,East Marcuschester,Construction Contractors & Services,>1000
827e3ee7-1501-4264-8c91-c6bbbb31afe1,Johnson and Sons,dc89db7f-44d6-486c-b17f-6140dbe3f134,US,Colorado,Royberg,Government,>1000
9d8c3aa5-b504-4f65-a4e1-1c14866956f5,"Cole, Wright and Guzman",d7beddd5-540c-4abb-b46c-4d03a5a76725,US,Alaska,Port Dale,Construction Contractors & Services,>1000
0e955bc3-01cc-474a-9bbb-d1a3527b41db,Short-Holland,c8f3c1f4-626c-4f88-aae7-6f63b6153aad,US,Massachusetts,Mahoneyport,Education,100-499
f39f82d8-8488-4a71-9b59-42f9c424e16d,"Jones, Goodman and Carroll",64c44764-ab10-416a-8001-c9c3ea468653,US,California,Cummingsview,Consumer/Business Services,<15
3cefcf6c-4f01-468f-9667-cde140374703,Scott Inc,27287e7b-290f-45c7-b610-8e0d17baaf3c,US,Maine,Rachelton,"Retail, Wholesale & Manufacturing",100-499
43b5bef6-8584-4e15-a082-aac4d1525222,Hess-Frye,d4fbab9e-6eaf-4061-ba8d-2d5f886b3196,US,Hawaii,Walkerbury,"Retail, Wholesale & Manufacturing",15-99
cf3ddbfb-00a0-49cc-904d-15abf52f7c75,Kennedy-Smith,c0cc07d7-e565-4225-8c86-a059a449e199,US,New Hampshire,Lake Amyfort,Construction Contractors & Services,500-999
531f9dd5-8ecd-4641-8a75-1ea2b267d410,Kennedy-Martin,16027af3-89db-43bd-ae4d-3ee5d05c563c,US,Ohio,Brianstad,Other,100-499
f4052137-b8cf-4c32-a819-49bb8877e25d,"Jordan, Bass and Strickland",9bfee11d-6398-428b-b2a4-6ad8b5d959e2,US,Ohio,Mullinsborough,Rental & Leasing,<15
